filename,image_path,mask_path,Global Accuracy,Dice (DSC),IoU (Jaccard)
JPCLN001.png,..\DL Methods\DeepLabV3+\Normalized Data\jsrt\cxr\JPCLN001.png,..\DL Methods\DeepLabV3+\Normalized Data\jsrt\masks\JPCLN001.png,0.9887595176696777,0.9827696681022644,0.9661241173744202
JPCLN002.png,..\DL Methods\DeepLabV3+\Normalized Data\jsrt\cxr\JPCLN002.png,..\DL Methods\DeepLabV3+\Normalized Data\jsrt\masks\JPCLN002.png,0.9835777878761292,0.9614177942276001,0.9257055521011353
JPCLN003.png,..\DL Methods\DeepLabV3+\Normalized Data\jsrt\cxr\JPCLN003.png,..\DL Methods\DeepLabV3+\Normalized Data\jsrt\masks\JPCLN003.png,0.9920678734779358,0.981480598449707,0.9636363387107849
JPCLN004.png,..\DL Methods\DeepLabV3+\Normalized Data\jsrt\cxr\JPCLN004.png,..\DL Methods\DeepLabV3+\Normalized Data\jsrt\masks\JPCLN004.png,0.9893773794174194,0.9814660549163818,0.9636077880859375
JPCLN005.png,..\DL Methods\DeepLabV3+\Normalized Data\jsrt\cxr\JPCLN005.png,..\DL Methods\DeepLabV3+\Normalized Data\jsrt\masks\JPCLN005.png,0.9899353981018066,0.9783596396446228,0.9576377868652344
JPCLN006.png,..\DL Methods\DeepLabV3+\Normalized Data\jsrt\cxr\JPCLN006.png,..\DL Methods\DeepLabV3+\Normalized Data\jsrt\masks\JPCLN006.png,0.9900549650192261,0.9822230339050293,0.9650682806968689
JPCLN007.png,..\DL Methods\DeepLabV3+\Normalized Data\jsrt\cxr\JPCLN007.png,..\DL Methods\DeepLabV3+\Normalized Data\jsrt\masks\JPCLN007.png,0.9876833558082581,0.9808958768844604,0.9625090956687927
JPCLN008.png,..\DL Methods\DeepLabV3+\Normalized Data\jsrt\cxr\JPCLN008.png,..\DL Methods\DeepLabV3+\Normalized Data\jsrt\masks\JPCLN008.png,0.9873843789100647,0.9834353923797607,0.967411458492279
JPCLN009.png,..\DL Methods\DeepLabV3+\Normalized Data\jsrt\cxr\JPCLN009.png,..\DL Methods\DeepLabV3+\Normalized Data\jsrt\masks\JPCLN009.png,0.9890385866165161,0.9810963869094849,0.9628955125808716
JPCLN010.png,..\DL Methods\DeepLabV3+\Normalized Data\jsrt\cxr\JPCLN010.png,..\DL Methods\DeepLabV3+\Normalized Data\jsrt\masks\JPCLN010.png,0.9830595850944519,0.9629548788070679,0.928559422492981
JPCLN011.png,..\DL Methods\DeepLabV3+\Normalized Data\jsrt\cxr\JPCLN011.png,..\DL Methods\DeepLabV3+\Normalized Data\jsrt\masks\JPCLN011.png,0.9844745993614197,0.9737533926963806,0.9488509297370911
JPCLN012.png,..\DL Methods\DeepLabV3+\Normalized Data\jsrt\cxr\JPCLN012.png,..\DL Methods\DeepLabV3+\Normalized Data\jsrt\masks\JPCLN012.png,0.9846540093421936,0.9749128222465515,0.9510551691055298
JPCLN013.png,..\DL Methods\DeepLabV3+\Normalized Data\jsrt\cxr\JPCLN013.png,..\DL Methods\DeepLabV3+\Normalized Data\jsrt\masks\JPCLN013.png,0.9838368892669678,0.9701244831085205,0.9419844150543213
JPCLN014.png,..\DL Methods\DeepLabV3+\Normalized Data\jsrt\cxr\JPCLN014.png,..\DL Methods\DeepLabV3+\Normalized Data\jsrt\masks\JPCLN014.png,0.9826411008834839,0.9702973961830139,0.9423102140426636
JPCLN015.png,..\DL Methods\DeepLabV3+\Normalized Data\jsrt\cxr\JPCLN015.png,..\DL Methods\DeepLabV3+\Normalized Data\jsrt\masks\JPCLN015.png,0.9807676672935486,0.9656974077224731,0.9336724281311035
JPCLN016.png,..\DL Methods\DeepLabV3+\Normalized Data\jsrt\cxr\JPCLN016.png,..\DL Methods\DeepLabV3+\Normalized Data\jsrt\masks\JPCLN016.png,0.9444355964660645,0.8998239636421204,0.8178967833518982
JPCLN017.png,..\DL Methods\DeepLabV3+\Normalized Data\jsrt\cxr\JPCLN017.png,..\DL Methods\DeepLabV3+\Normalized Data\jsrt\masks\JPCLN017.png,0.9869260191917419,0.9774980545043945,0.9559879302978516
JPCLN018.png,..\DL Methods\DeepLabV3+\Normalized Data\jsrt\cxr\JPCLN018.png,..\DL Methods\DeepLabV3+\Normalized Data\jsrt\masks\JPCLN018.png,0.9818040132522583,0.9800043702125549,0.9607935547828674
JPCLN019.png,..\DL Methods\DeepLabV3+\Normalized Data\jsrt\cxr\JPCLN019.png,..\DL Methods\DeepLabV3+\Normalized Data\jsrt\masks\JPCLN019.png,0.9904536008834839,0.9848809838294983,0.9702132940292358
JPCLN020.png,..\DL Methods\DeepLabV3+\Normalized Data\jsrt\cxr\JPCLN020.png,..\DL Methods\DeepLabV3+\Normalized Data\jsrt\masks\JPCLN020.png,0.9865074753761292,0.9782510995864868,0.9574294090270996
JPCLN021.png,..\DL Methods\DeepLabV3+\Normalized Data\jsrt\cxr\JPCLN021.png,..\DL Methods\DeepLabV3+\Normalized Data\jsrt\masks\JPCLN021.png,0.9886599183082581,0.9821428656578064,0.9649133682250977
JPCLN022.png,..\DL Methods\DeepLabV3+\Normalized Data\jsrt\cxr\JPCLN022.png,..\DL Methods\DeepLabV3+\Normalized Data\jsrt\masks\JPCLN022.png,0.9881616234779358,0.9802769422531128,0.9613180756568909
JPCLN023.png,..\DL Methods\DeepLabV3+\Normalized Data\jsrt\cxr\JPCLN023.png,..\DL Methods\DeepLabV3+\Normalized Data\jsrt\masks\JPCLN023.png,0.9840760231018066,0.9752370715141296,0.9516724348068237
JPCLN024.png,..\DL Methods\DeepLabV3+\Normalized Data\jsrt\cxr\JPCLN024.png,..\DL Methods\DeepLabV3+\Normalized Data\jsrt\masks\JPCLN024.png,0.9854711294174194,0.972905695438385,0.9472427368164062
JPCLN025.png,..\DL Methods\DeepLabV3+\Normalized Data\jsrt\cxr\JPCLN025.png,..\DL Methods\DeepLabV3+\Normalized Data\jsrt\masks\JPCLN025.png,0.97953200340271,0.9582010507583618,0.9197593331336975
JPCLN026.png,..\DL Methods\DeepLabV3+\Normalized Data\jsrt\cxr\JPCLN026.png,..\DL Methods\DeepLabV3+\Normalized Data\jsrt\masks\JPCLN026.png,0.9887197017669678,0.9828625321388245,0.9663035273551941
JPCLN027.png,..\DL Methods\DeepLabV3+\Normalized Data\jsrt\cxr\JPCLN027.png,..\DL Methods\DeepLabV3+\Normalized Data\jsrt\masks\JPCLN027.png,0.9854711294174194,0.979120135307312,0.9590954780578613
JPCLN028.png,..\DL Methods\DeepLabV3+\Normalized Data\jsrt\cxr\JPCLN028.png,..\DL Methods\DeepLabV3+\Normalized Data\jsrt\masks\JPCLN028.png,0.9837173223495483,0.9788023233413696,0.9584857821464539
JPCLN029.png,..\DL Methods\DeepLabV3+\Normalized Data\jsrt\cxr\JPCLN029.png,..\DL Methods\DeepLabV3+\Normalized Data\jsrt\masks\JPCLN029.png,0.9875637292861938,0.9711658358573914,0.9439504146575928
JPCLN030.png,..\DL Methods\DeepLabV3+\Normalized Data\jsrt\cxr\JPCLN030.png,..\DL Methods\DeepLabV3+\Normalized Data\jsrt\masks\JPCLN030.png,0.9794124364852905,0.9617010354995728,0.9262300729751587
JPCLN031.png,..\DL Methods\DeepLabV3+\Normalized Data\jsrt\cxr\JPCLN031.png,..\DL Methods\DeepLabV3+\Normalized Data\jsrt\masks\JPCLN031.png,0.9893574118614197,0.9824336171150208,0.9654749035835266
JPCLN032.png,..\DL Methods\DeepLabV3+\Normalized Data\jsrt\cxr\JPCLN032.png,..\DL Methods\DeepLabV3+\Normalized Data\jsrt\masks\JPCLN032.png,0.9852718114852905,0.9777543544769287,0.9564782381057739
JPCLN033.png,..\DL Methods\DeepLabV3+\Normalized Data\jsrt\cxr\JPCLN033.png,..\DL Methods\DeepLabV3+\Normalized Data\jsrt\masks\JPCLN033.png,0.9882612824440002,0.979674220085144,0.9601596593856812
JPCLN034.png,..\DL Methods\DeepLabV3+\Normalized Data\jsrt\cxr\JPCLN034.png,..\DL Methods\DeepLabV3+\Normalized Data\jsrt\masks\JPCLN034.png,0.9871053695678711,0.9784146547317505,0.9577428102493286
JPCLN035.png,..\DL Methods\DeepLabV3+\Normalized Data\jsrt\cxr\JPCLN035.png,..\DL Methods\DeepLabV3+\Normalized Data\jsrt\masks\JPCLN035.png,0.9888990521430969,0.9841824173927307,0.9688583016395569
JPCLN036.png,..\DL Methods\DeepLabV3+\Normalized Data\jsrt\cxr\JPCLN036.png,..\DL Methods\DeepLabV3+\Normalized Data\jsrt\masks\JPCLN036.png,0.9817841053009033,0.9734140038490295,0.9482064843177795
JPCLN037.png,..\DL Methods\DeepLabV3+\Normalized Data\jsrt\cxr\JPCLN037.png,..\DL Methods\DeepLabV3+\Normalized Data\jsrt\masks\JPCLN037.png,0.9904934167861938,0.9810368418693542,0.9627808928489685
JPCLN038.png,..\DL Methods\DeepLabV3+\Normalized Data\jsrt\cxr\JPCLN038.png,..\DL Methods\DeepLabV3+\Normalized Data\jsrt\masks\JPCLN038.png,0.9890784025192261,0.9782978892326355,0.9575193524360657
JPCLN039.png,..\DL Methods\DeepLabV3+\Normalized Data\jsrt\cxr\JPCLN039.png,..\DL Methods\DeepLabV3+\Normalized Data\jsrt\masks\JPCLN039.png,0.9856305718421936,0.9745768904685974,0.950416088104248
JPCLN040.png,..\DL Methods\DeepLabV3+\Normalized Data\jsrt\cxr\JPCLN040.png,..\DL Methods\DeepLabV3+\Normalized Data\jsrt\masks\JPCLN040.png,0.9795918464660645,0.9718642830848694,0.9452698826789856
JPCLN041.png,..\DL Methods\DeepLabV3+\Normalized Data\jsrt\cxr\JPCLN041.png,..\DL Methods\DeepLabV3+\Normalized Data\jsrt\masks\JPCLN041.png,0.9852718114852905,0.976361095905304,0.9538154006004333
JPCLN042.png,..\DL Methods\DeepLabV3+\Normalized Data\jsrt\cxr\JPCLN042.png,..\DL Methods\DeepLabV3+\Normalized Data\jsrt\masks\JPCLN042.png,0.9862882494926453,0.9664701223373413,0.9351187944412231
JPCLN043.png,..\DL Methods\DeepLabV3+\Normalized Data\jsrt\cxr\JPCLN043.png,..\DL Methods\DeepLabV3+\Normalized Data\jsrt\masks\JPCLN043.png,0.9817043542861938,0.9668866991996765,0.9358983039855957
JPCLN044.png,..\DL Methods\DeepLabV3+\Normalized Data\jsrt\cxr\JPCLN044.png,..\DL Methods\DeepLabV3+\Normalized Data\jsrt\masks\JPCLN044.png,0.9870455861091614,0.9768625497817993,0.9547731876373291
JPCLN045.png,..\DL Methods\DeepLabV3+\Normalized Data\jsrt\cxr\JPCLN045.png,..\DL Methods\DeepLabV3+\Normalized Data\jsrt\masks\JPCLN045.png,0.9826012253761292,0.9759026169776917,0.9529405236244202
JPCLN046.png,..\DL Methods\DeepLabV3+\Normalized Data\jsrt\cxr\JPCLN046.png,..\DL Methods\DeepLabV3+\Normalized Data\jsrt\masks\JPCLN046.png,0.9834582209587097,0.972846508026123,0.9471303820610046
JPCLN047.png,..\DL Methods\DeepLabV3+\Normalized Data\jsrt\cxr\JPCLN047.png,..\DL Methods\DeepLabV3+\Normalized Data\jsrt\masks\JPCLN047.png,0.9824019074440002,0.9753048419952393,0.9518013000488281
JPCLN048.png,..\DL Methods\DeepLabV3+\Normalized Data\jsrt\cxr\JPCLN048.png,..\DL Methods\DeepLabV3+\Normalized Data\jsrt\masks\JPCLN048.png,0.9722974896430969,0.9299501180648804,0.8690779209136963
JPCLN049.png,..\DL Methods\DeepLabV3+\Normalized Data\jsrt\cxr\JPCLN049.png,..\DL Methods\DeepLabV3+\Normalized Data\jsrt\masks\JPCLN049.png,0.9896364808082581,0.9843632578849792,0.9692088961601257
JPCLN050.png,..\DL Methods\DeepLabV3+\Normalized Data\jsrt\cxr\JPCLN050.png,..\DL Methods\DeepLabV3+\Normalized Data\jsrt\masks\JPCLN050.png,0.990652859210968,0.9832236170768738,0.9670020341873169
JPCLN051.png,..\DL Methods\DeepLabV3+\Normalized Data\jsrt\cxr\JPCLN051.png,..\DL Methods\DeepLabV3+\Normalized Data\jsrt\masks\JPCLN051.png,0.9903938174247742,0.9831037521362305,0.9667700529098511
JPCLN052.png,..\DL Methods\DeepLabV3+\Normalized Data\jsrt\cxr\JPCLN052.png,..\DL Methods\DeepLabV3+\Normalized Data\jsrt\masks\JPCLN052.png,0.9845742583274841,0.9723304510116577,0.9461527466773987
JPCLN053.png,..\DL Methods\DeepLabV3+\Normalized Data\jsrt\cxr\JPCLN053.png,..\DL Methods\DeepLabV3+\Normalized Data\jsrt\masks\JPCLN053.png,0.9829998016357422,0.976789116859436,0.9546324610710144
JPCLN054.png,..\DL Methods\DeepLabV3+\Normalized Data\jsrt\cxr\JPCLN054.png,..\DL Methods\DeepLabV3+\Normalized Data\jsrt\masks\JPCLN054.png,0.9896962642669678,0.9817546606063843,0.9641644358634949
JPCLN055.png,..\DL Methods\DeepLabV3+\Normalized Data\jsrt\cxr\JPCLN055.png,..\DL Methods\DeepLabV3+\Normalized Data\jsrt\masks\JPCLN055.png,0.9839165806770325,0.9702169895172119,0.9421588182449341
JPCLN056.png,..\DL Methods\DeepLabV3+\Normalized Data\jsrt\cxr\JPCLN056.png,..\DL Methods\DeepLabV3+\Normalized Data\jsrt\masks\JPCLN056.png,0.9846141338348389,0.9689673185348511,0.9398050904273987
JPCLN057.png,..\DL Methods\DeepLabV3+\Normalized Data\jsrt\cxr\JPCLN057.png,..\DL Methods\DeepLabV3+\Normalized Data\jsrt\masks\JPCLN057.png,0.9908720850944519,0.9838851690292358,0.9682825207710266
JPCLN058.png,..\DL Methods\DeepLabV3+\Normalized Data\jsrt\cxr\JPCLN058.png,..\DL Methods\DeepLabV3+\Normalized Data\jsrt\masks\JPCLN058.png,0.9849529266357422,0.9826229214668274,0.965840220451355
JPCLN059.png,..\DL Methods\DeepLabV3+\Normalized Data\jsrt\cxr\JPCLN059.png,..\DL Methods\DeepLabV3+\Normalized Data\jsrt\masks\JPCLN059.png,0.9879822731018066,0.9764434695243835,0.9539729952812195
JPCLN060.png,..\DL Methods\DeepLabV3+\Normalized Data\jsrt\cxr\JPCLN060.png,..\DL Methods\DeepLabV3+\Normalized Data\jsrt\masks\JPCLN060.png,0.9887396097183228,0.9776202440261841,0.9562219381332397
JPCLN061.png,..\DL Methods\DeepLabV3+\Normalized Data\jsrt\cxr\JPCLN061.png,..\DL Methods\DeepLabV3+\Normalized Data\jsrt\masks\JPCLN061.png,0.9822424650192261,0.9639708995819092,0.9304503798484802
JPCLN062.png,..\DL Methods\DeepLabV3+\Normalized Data\jsrt\cxr\JPCLN062.png,..\DL Methods\DeepLabV3+\Normalized Data\jsrt\masks\JPCLN062.png,0.9884805083274841,0.980644941329956,0.9620261192321777
JPCLN063.png,..\DL Methods\DeepLabV3+\Normalized Data\jsrt\cxr\JPCLN063.png,..\DL Methods\DeepLabV3+\Normalized Data\jsrt\masks\JPCLN063.png,0.9811663031578064,0.9736651182174683,0.9486831426620483
JPCLN064.png,..\DL Methods\DeepLabV3+\Normalized Data\jsrt\cxr\JPCLN064.png,..\DL Methods\DeepLabV3+\Normalized Data\jsrt\masks\JPCLN064.png,0.985750138759613,0.9796794056892395,0.9601693749427795
JPCLN065.png,..\DL Methods\DeepLabV3+\Normalized Data\jsrt\cxr\JPCLN065.png,..\DL Methods\DeepLabV3+\Normalized Data\jsrt\masks\JPCLN065.png,0.9703443646430969,0.9468362331390381,0.8990433812141418
JPCLN066.png,..\DL Methods\DeepLabV3+\Normalized Data\jsrt\cxr\JPCLN066.png,..\DL Methods\DeepLabV3+\Normalized Data\jsrt\masks\JPCLN066.png,0.9830197691917419,0.9778072834014893,0.956579327583313
JPCLN067.png,..\DL Methods\DeepLabV3+\Normalized Data\jsrt\cxr\JPCLN067.png,..\DL Methods\DeepLabV3+\Normalized Data\jsrt\masks\JPCLN067.png,0.9871252775192261,0.9733135104179382,0.9480164051055908
JPCLN068.png,..\DL Methods\DeepLabV3+\Normalized Data\jsrt\cxr\JPCLN068.png,..\DL Methods\DeepLabV3+\Normalized Data\jsrt\masks\JPCLN068.png,0.9908720850944519,0.9855424761772156,0.9714978933334351
JPCLN069.png,..\DL Methods\DeepLabV3+\Normalized Data\jsrt\cxr\JPCLN069.png,..\DL Methods\DeepLabV3+\Normalized Data\jsrt\masks\JPCLN069.png,0.9804288744926453,0.9623653888702393,0.9274634122848511
JPCLN070.png,..\DL Methods\DeepLabV3+\Normalized Data\jsrt\cxr\JPCLN070.png,..\DL Methods\DeepLabV3+\Normalized Data\jsrt\masks\JPCLN070.png,0.9591039419174194,0.9389739632606506,0.8849711418151855
JPCLN071.png,..\DL Methods\DeepLabV3+\Normalized Data\jsrt\cxr\JPCLN071.png,..\DL Methods\DeepLabV3+\Normalized Data\jsrt\masks\JPCLN071.png,0.9893375039100647,0.9790409803390503,0.9589440822601318
JPCLN072.png,..\DL Methods\DeepLabV3+\Normalized Data\jsrt\cxr\JPCLN072.png,..\DL Methods\DeepLabV3+\Normalized Data\jsrt\masks\JPCLN072.png,0.9869459271430969,0.9736841917037964,0.9487199783325195
JPCLN073.png,..\DL Methods\DeepLabV3+\Normalized Data\jsrt\cxr\JPCLN073.png,..\DL Methods\DeepLabV3+\Normalized Data\jsrt\masks\JPCLN073.png,0.9846540093421936,0.9757808446884155,0.9527084827423096
JPCLN074.png,..\DL Methods\DeepLabV3+\Normalized Data\jsrt\cxr\JPCLN074.png,..\DL Methods\DeepLabV3+\Normalized Data\jsrt\masks\JPCLN074.png,0.9831592440605164,0.9766161441802979,0.9543020725250244
JPCLN075.png,..\DL Methods\DeepLabV3+\Normalized Data\jsrt\cxr\JPCLN075.png,..\DL Methods\DeepLabV3+\Normalized Data\jsrt\masks\JPCLN075.png,0.979910671710968,0.9712337255477905,0.9440776705741882
JPCLN076.png,..\DL Methods\DeepLabV3+\Normalized Data\jsrt\cxr\JPCLN076.png,..\DL Methods\DeepLabV3+\Normalized Data\jsrt\masks\JPCLN076.png,0.9788942933082581,0.9667169451713562,0.9355800151824951
JPCLN077.png,..\DL Methods\DeepLabV3+\Normalized Data\jsrt\cxr\JPCLN077.png,..\DL Methods\DeepLabV3+\Normalized Data\jsrt\masks\JPCLN077.png,0.9875039458274841,0.9794331789016724,0.9596965909004211
JPCLN078.png,..\DL Methods\DeepLabV3+\Normalized Data\jsrt\cxr\JPCLN078.png,..\DL Methods\DeepLabV3+\Normalized Data\jsrt\masks\JPCLN078.png,0.9843351244926453,0.9771730899810791,0.9553662538528442
JPCLN079.png,..\DL Methods\DeepLabV3+\Normalized Data\jsrt\cxr\JPCLN079.png,..\DL Methods\DeepLabV3+\Normalized Data\jsrt\masks\JPCLN079.png,0.9867864847183228,0.9791653752326965,0.9591824412345886
JPCLN080.png,..\DL Methods\DeepLabV3+\Normalized Data\jsrt\cxr\JPCLN080.png,..\DL Methods\DeepLabV3+\Normalized Data\jsrt\masks\JPCLN080.png,0.9882214665412903,0.9803013205528259,0.9613649845123291
JPCLN081.png,..\DL Methods\DeepLabV3+\Normalized Data\jsrt\cxr\JPCLN081.png,..\DL Methods\DeepLabV3+\Normalized Data\jsrt\masks\JPCLN081.png,0.9848134517669678,0.9733482599258423,0.9480820298194885
JPCLN082.png,..\DL Methods\DeepLabV3+\Normalized Data\jsrt\cxr\JPCLN082.png,..\DL Methods\DeepLabV3+\Normalized Data\jsrt\masks\JPCLN082.png,0.9848732352256775,0.9741625785827637,0.9496283531188965
JPCLN083.png,..\DL Methods\DeepLabV3+\Normalized Data\jsrt\cxr\JPCLN083.png,..\DL Methods\DeepLabV3+\Normalized Data\jsrt\masks\JPCLN083.png,0.9846938848495483,0.9791082739830017,0.9590727686882019
JPCLN084.png,..\DL Methods\DeepLabV3+\Normalized Data\jsrt\cxr\JPCLN084.png,..\DL Methods\DeepLabV3+\Normalized Data\jsrt\masks\JPCLN084.png,0.9866270422935486,0.9764858484268188,0.9540536999702454
JPCLN085.png,..\DL Methods\DeepLabV3+\Normalized Data\jsrt\cxr\JPCLN085.png,..\DL Methods\DeepLabV3+\Normalized Data\jsrt\masks\JPCLN085.png,0.987324595451355,0.9742040038108826,0.9497073888778687
JPCLN086.png,..\DL Methods\DeepLabV3+\Normalized Data\jsrt\cxr\JPCLN086.png,..\DL Methods\DeepLabV3+\Normalized Data\jsrt\masks\JPCLN086.png,0.9846540093421936,0.9793449640274048,0.9595269560813904
JPCLN087.png,..\DL Methods\DeepLabV3+\Normalized Data\jsrt\cxr\JPCLN087.png,..\DL Methods\DeepLabV3+\Normalized Data\jsrt\masks\JPCLN087.png,0.986726701259613,0.9794158339500427,0.9596632719039917
JPCLN088.png,..\DL Methods\DeepLabV3+\Normalized Data\jsrt\cxr\JPCLN088.png,..\DL Methods\DeepLabV3+\Normalized Data\jsrt\masks\JPCLN088.png,0.9866071343421936,0.9777917265892029,0.9565498232841492
JPCLN089.png,..\DL Methods\DeepLabV3+\Normalized Data\jsrt\cxr\JPCLN089.png,..\DL Methods\DeepLabV3+\Normalized Data\jsrt\masks\JPCLN089.png,0.98046875,0.9779204726219177,0.9567958116531372
JPCLN090.png,..\DL Methods\DeepLabV3+\Normalized Data\jsrt\cxr\JPCLN090.png,..\DL Methods\DeepLabV3+\Normalized Data\jsrt\masks\JPCLN090.png,0.9834781289100647,0.9730002880096436,0.9474218487739563
JPCLN091.png,..\DL Methods\DeepLabV3+\Normalized Data\jsrt\cxr\JPCLN091.png,..\DL Methods\DeepLabV3+\Normalized Data\jsrt\masks\JPCLN091.png,0.9862882494926453,0.9770245552062988,0.9550825953483582
JPCLN092.png,..\DL Methods\DeepLabV3+\Normalized Data\jsrt\cxr\JPCLN092.png,..\DL Methods\DeepLabV3+\Normalized Data\jsrt\masks\JPCLN092.png,0.9837372303009033,0.9788024425506592,0.9584859609603882
JPCLN093.png,..\DL Methods\DeepLabV3+\Normalized Data\jsrt\cxr\JPCLN093.png,..\DL Methods\DeepLabV3+\Normalized Data\jsrt\masks\JPCLN093.png,0.9812858700752258,0.9752347469329834,0.9516676664352417
JPCLN094.png,..\DL Methods\DeepLabV3+\Normalized Data\jsrt\cxr\JPCLN094.png,..\DL Methods\DeepLabV3+\Normalized Data\jsrt\masks\JPCLN094.png,0.9871452450752258,0.9795549511909485,0.959930419921875
JPCLN095.png,..\DL Methods\DeepLabV3+\Normalized Data\jsrt\cxr\JPCLN095.png,..\DL Methods\DeepLabV3+\Normalized Data\jsrt\masks\JPCLN095.png,0.9875637292861938,0.9679061770439148,0.9378114342689514
JPCLN096.png,..\DL Methods\DeepLabV3+\Normalized Data\jsrt\cxr\JPCLN096.png,..\DL Methods\DeepLabV3+\Normalized Data\jsrt\masks\JPCLN096.png,0.9888591766357422,0.9819409251213074,0.9645237326622009
JPCLN097.png,..\DL Methods\DeepLabV3+\Normalized Data\jsrt\cxr\JPCLN097.png,..\DL Methods\DeepLabV3+\Normalized Data\jsrt\masks\JPCLN097.png,0.981843888759613,0.9715401530265808,0.9446570873260498
JPCLN098.png,..\DL Methods\DeepLabV3+\Normalized Data\jsrt\cxr\JPCLN098.png,..\DL Methods\DeepLabV3+\Normalized Data\jsrt\masks\JPCLN098.png,0.9850326776504517,0.9777296781539917,0.9564309120178223
JPCLN099.png,..\DL Methods\DeepLabV3+\Normalized Data\jsrt\cxr\JPCLN099.png,..\DL Methods\DeepLabV3+\Normalized Data\jsrt\masks\JPCLN099.png,0.9880022406578064,0.975314736366272,0.9518207311630249
JPCLN100.png,..\DL Methods\DeepLabV3+\Normalized Data\jsrt\cxr\JPCLN100.png,..\DL Methods\DeepLabV3+\Normalized Data\jsrt\masks\JPCLN100.png,0.9811862111091614,0.965381920337677,0.9330828785896301
JPCLN101.png,..\DL Methods\DeepLabV3+\Normalized Data\jsrt\cxr\JPCLN101.png,..\DL Methods\DeepLabV3+\Normalized Data\jsrt\masks\JPCLN101.png,0.985770046710968,0.9801627993583679,0.9610983729362488
JPCLN102.png,..\DL Methods\DeepLabV3+\Normalized Data\jsrt\cxr\JPCLN102.png,..\DL Methods\DeepLabV3+\Normalized Data\jsrt\masks\JPCLN102.png,0.9844745993614197,0.9784783124923706,0.9578645825386047
JPCLN103.png,..\DL Methods\DeepLabV3+\Normalized Data\jsrt\cxr\JPCLN103.png,..\DL Methods\DeepLabV3+\Normalized Data\jsrt\masks\JPCLN103.png,0.9789938926696777,0.9743358492851257,0.9499572515487671
JPCLN104.png,..\DL Methods\DeepLabV3+\Normalized Data\jsrt\cxr\JPCLN104.png,..\DL Methods\DeepLabV3+\Normalized Data\jsrt\masks\JPCLN104.png,0.9841358065605164,0.9752725958824158,0.951740026473999
JPCLN105.png,..\DL Methods\DeepLabV3+\Normalized Data\jsrt\cxr\JPCLN105.png,..\DL Methods\DeepLabV3+\Normalized Data\jsrt\masks\JPCLN105.png,0.9869459271430969,0.9765568971633911,0.9541894197463989
JPCLN106.png,..\DL Methods\DeepLabV3+\Normalized Data\jsrt\cxr\JPCLN106.png,..\DL Methods\DeepLabV3+\Normalized Data\jsrt\masks\JPCLN106.png,0.9859892725944519,0.9779582619667053,0.9568685293197632
JPCLN107.png,..\DL Methods\DeepLabV3+\Normalized Data\jsrt\cxr\JPCLN107.png,..\DL Methods\DeepLabV3+\Normalized Data\jsrt\masks\JPCLN107.png,0.9840959906578064,0.9825485944747925,0.9656965732574463
JPCLN108.png,..\DL Methods\DeepLabV3+\Normalized Data\jsrt\cxr\JPCLN108.png,..\DL Methods\DeepLabV3+\Normalized Data\jsrt\masks\JPCLN108.png,0.9854511618614197,0.9746360182762146,0.950528621673584
JPCLN109.png,..\DL Methods\DeepLabV3+\Normalized Data\jsrt\cxr\JPCLN109.png,..\DL Methods\DeepLabV3+\Normalized Data\jsrt\masks\JPCLN109.png,0.9825015664100647,0.9717965722084045,0.9451421499252319
JPCLN110.png,..\DL Methods\DeepLabV3+\Normalized Data\jsrt\cxr\JPCLN110.png,..\DL Methods\DeepLabV3+\Normalized Data\jsrt\masks\JPCLN110.png,0.986348032951355,0.9782980680465698,0.9575193524360657
JPCLN111.png,..\DL Methods\DeepLabV3+\Normalized Data\jsrt\cxr\JPCLN111.png,..\DL Methods\DeepLabV3+\Normalized Data\jsrt\masks\JPCLN111.png,0.9817841053009033,0.9768026471138,0.9546582102775574
JPCLN112.png,..\DL Methods\DeepLabV3+\Normalized Data\jsrt\cxr\JPCLN112.png,..\DL Methods\DeepLabV3+\Normalized Data\jsrt\masks\JPCLN112.png,0.9791334271430969,0.9695975184440613,0.9409908056259155
JPCLN113.png,..\DL Methods\DeepLabV3+\Normalized Data\jsrt\cxr\JPCLN113.png,..\DL Methods\DeepLabV3+\Normalized Data\jsrt\masks\JPCLN113.png,0.9829400181770325,0.9748257398605347,0.9508892893791199
JPCLN114.png,..\DL Methods\DeepLabV3+\Normalized Data\jsrt\cxr\JPCLN114.png,..\DL Methods\DeepLabV3+\Normalized Data\jsrt\masks\JPCLN114.png,0.9876036047935486,0.9761292338371277,0.9533733129501343
JPCLN115.png,..\DL Methods\DeepLabV3+\Normalized Data\jsrt\cxr\JPCLN115.png,..\DL Methods\DeepLabV3+\Normalized Data\jsrt\masks\JPCLN115.png,0.9848532676696777,0.9808008074760437,0.9623258709907532
JPCLN116.png,..\DL Methods\DeepLabV3+\Normalized Data\jsrt\cxr\JPCLN116.png,..\DL Methods\DeepLabV3+\Normalized Data\jsrt\masks\JPCLN116.png,0.987703263759613,0.976190447807312,0.953490138053894
JPCLN117.png,..\DL Methods\DeepLabV3+\Normalized Data\jsrt\cxr\JPCLN117.png,..\DL Methods\DeepLabV3+\Normalized Data\jsrt\masks\JPCLN117.png,0.9890584945678711,0.9782401919364929,0.9574088454246521
JPCLN118.png,..\DL Methods\DeepLabV3+\Normalized Data\jsrt\cxr\JPCLN118.png,..\DL Methods\DeepLabV3+\Normalized Data\jsrt\masks\JPCLN118.png,0.9734135866165161,0.9675449728965759,0.9371318221092224
JPCLN119.png,..\DL Methods\DeepLabV3+\Normalized Data\jsrt\cxr\JPCLN119.png,..\DL Methods\DeepLabV3+\Normalized Data\jsrt\masks\JPCLN119.png,0.9875836968421936,0.971663773059845,0.944891631603241
JPCLN120.png,..\DL Methods\DeepLabV3+\Normalized Data\jsrt\cxr\JPCLN120.png,..\DL Methods\DeepLabV3+\Normalized Data\jsrt\masks\JPCLN120.png,0.9848532676696777,0.9800467491149902,0.9608751535415649
JPCLN121.png,..\DL Methods\DeepLabV3+\Normalized Data\jsrt\cxr\JPCLN121.png,..\DL Methods\DeepLabV3+\Normalized Data\jsrt\masks\JPCLN121.png,0.9807277917861938,0.9685692191123962,0.9390559196472168
JPCLN122.png,..\DL Methods\DeepLabV3+\Normalized Data\jsrt\cxr\JPCLN122.png,..\DL Methods\DeepLabV3+\Normalized Data\jsrt\masks\JPCLN122.png,0.9892578125,0.9830833077430725,0.9667304754257202
JPCLN123.png,..\DL Methods\DeepLabV3+\Normalized Data\jsrt\cxr\JPCLN123.png,..\DL Methods\DeepLabV3+\Normalized Data\jsrt\masks\JPCLN123.png,0.9864675998687744,0.9754003286361694,0.9519835710525513
JPCLN124.png,..\DL Methods\DeepLabV3+\Normalized Data\jsrt\cxr\JPCLN124.png,..\DL Methods\DeepLabV3+\Normalized Data\jsrt\masks\JPCLN124.png,0.9882014989852905,0.980068027973175,0.9609163403511047
JPCLN125.png,..\DL Methods\DeepLabV3+\Normalized Data\jsrt\cxr\JPCLN125.png,..\DL Methods\DeepLabV3+\Normalized Data\jsrt\masks\JPCLN125.png,0.98539137840271,0.9760910868644714,0.9533001780509949
JPCLN126.png,..\DL Methods\DeepLabV3+\Normalized Data\jsrt\cxr\JPCLN126.png,..\DL Methods\DeepLabV3+\Normalized Data\jsrt\masks\JPCLN126.png,0.9826411008834839,0.9782467484474182,0.957420825958252
JPCLN127.png,..\DL Methods\DeepLabV3+\Normalized Data\jsrt\cxr\JPCLN127.png,..\DL Methods\DeepLabV3+\Normalized Data\jsrt\masks\JPCLN127.png,0.9850525856018066,0.9710547924041748,0.9437401294708252
JPCLN128.png,..\DL Methods\DeepLabV3+\Normalized Data\jsrt\cxr\JPCLN128.png,..\DL Methods\DeepLabV3+\Normalized Data\jsrt\masks\JPCLN128.png,0.9913902878761292,0.9823291301727295,0.9652733206748962
JPCLN129.png,..\DL Methods\DeepLabV3+\Normalized Data\jsrt\cxr\JPCLN129.png,..\DL Methods\DeepLabV3+\Normalized Data\jsrt\masks\JPCLN129.png,0.9800900816917419,0.9773971438407898,0.9557945132255554
JPCLN130.png,..\DL Methods\DeepLabV3+\Normalized Data\jsrt\cxr\JPCLN130.png,..\DL Methods\DeepLabV3+\Normalized Data\jsrt\masks\JPCLN130.png,0.9821228981018066,0.9712112545967102,0.9440354108810425
JPCLN131.png,..\DL Methods\DeepLabV3+\Normalized Data\jsrt\cxr\JPCLN131.png,..\DL Methods\DeepLabV3+\Normalized Data\jsrt\masks\JPCLN131.png,0.9797313213348389,0.9491601586341858,0.9032441973686218
JPCLN132.png,..\DL Methods\DeepLabV3+\Normalized Data\jsrt\cxr\JPCLN132.png,..\DL Methods\DeepLabV3+\Normalized Data\jsrt\masks\JPCLN132.png,0.9839763641357422,0.9698503613471985,0.9414677023887634
JPCLN133.png,..\DL Methods\DeepLabV3+\Normalized Data\jsrt\cxr\JPCLN133.png,..\DL Methods\DeepLabV3+\Normalized Data\jsrt\masks\JPCLN133.png,0.9762236475944519,0.9624394178390503,0.9276004433631897
JPCLN134.png,..\DL Methods\DeepLabV3+\Normalized Data\jsrt\cxr\JPCLN134.png,..\DL Methods\DeepLabV3+\Normalized Data\jsrt\masks\JPCLN134.png,0.9840959906578064,0.9672265648841858,0.9365357160568237
JPCLN135.png,..\DL Methods\DeepLabV3+\Normalized Data\jsrt\cxr\JPCLN135.png,..\DL Methods\DeepLabV3+\Normalized Data\jsrt\masks\JPCLN135.png,0.9888591766357422,0.9806144833564758,0.9619675874710083
JPCLN136.png,..\DL Methods\DeepLabV3+\Normalized Data\jsrt\cxr\JPCLN136.png,..\DL Methods\DeepLabV3+\Normalized Data\jsrt\masks\JPCLN136.png,0.9894770383834839,0.9772129058837891,0.9554430246353149
JPCLN137.png,..\DL Methods\DeepLabV3+\Normalized Data\jsrt\cxr\JPCLN137.png,..\DL Methods\DeepLabV3+\Normalized Data\jsrt\masks\JPCLN137.png,0.9842553734779358,0.9552585482597351,0.9143538475036621
JPCLN138.png,..\DL Methods\DeepLabV3+\Normalized Data\jsrt\cxr\JPCLN138.png,..\DL Methods\DeepLabV3+\Normalized Data\jsrt\masks\JPCLN138.png,0.9874441623687744,0.9771714210510254,0.9553634524345398
JPCLN139.png,..\DL Methods\DeepLabV3+\Normalized Data\jsrt\cxr\JPCLN139.png,..\DL Methods\DeepLabV3+\Normalized Data\jsrt\masks\JPCLN139.png,0.982840359210968,0.9752529263496399,0.9517024755477905
JPCLN140.png,..\DL Methods\DeepLabV3+\Normalized Data\jsrt\cxr\JPCLN140.png,..\DL Methods\DeepLabV3+\Normalized Data\jsrt\masks\JPCLN140.png,0.9823421239852905,0.9775553941726685,0.9560973048210144
JPCLN141.png,..\DL Methods\DeepLabV3+\Normalized Data\jsrt\cxr\JPCLN141.png,..\DL Methods\DeepLabV3+\Normalized Data\jsrt\masks\JPCLN141.png,0.9849728941917419,0.9764808416366577,0.954043984413147
JPCLN142.png,..\DL Methods\DeepLabV3+\Normalized Data\jsrt\cxr\JPCLN142.png,..\DL Methods\DeepLabV3+\Normalized Data\jsrt\masks\JPCLN142.png,0.9827805757522583,0.9719271063804626,0.9453890323638916
JPCLN143.png,..\DL Methods\DeepLabV3+\Normalized Data\jsrt\cxr\JPCLN143.png,..\DL Methods\DeepLabV3+\Normalized Data\jsrt\masks\JPCLN143.png,0.9888791441917419,0.9849963784217834,0.9704371094703674
JPCLN144.png,..\DL Methods\DeepLabV3+\Normalized Data\jsrt\cxr\JPCLN144.png,..\DL Methods\DeepLabV3+\Normalized Data\jsrt\masks\JPCLN144.png,0.9878627061843872,0.9800993204116821,0.9609765410423279
JPCLN145.png,..\DL Methods\DeepLabV3+\Normalized Data\jsrt\cxr\JPCLN145.png,..\DL Methods\DeepLabV3+\Normalized Data\jsrt\masks\JPCLN145.png,0.9871651530265808,0.9792465567588806,0.9593383073806763
JPCLN146.png,..\DL Methods\DeepLabV3+\Normalized Data\jsrt\cxr\JPCLN146.png,..\DL Methods\DeepLabV3+\Normalized Data\jsrt\masks\JPCLN146.png,0.9816844463348389,0.9782103300094604,0.95735102891922
JPCLN147.png,..\DL Methods\DeepLabV3+\Normalized Data\jsrt\cxr\JPCLN147.png,..\DL Methods\DeepLabV3+\Normalized Data\jsrt\masks\JPCLN147.png,0.9854312539100647,0.9775670766830444,0.9561198353767395
JPCLN148.png,..\DL Methods\DeepLabV3+\Normalized Data\jsrt\cxr\JPCLN148.png,..\DL Methods\DeepLabV3+\Normalized Data\jsrt\masks\JPCLN148.png,0.9807477593421936,0.9705371260643005,0.9427623152732849
JPCLN149.png,..\DL Methods\DeepLabV3+\Normalized Data\jsrt\cxr\JPCLN149.png,..\DL Methods\DeepLabV3+\Normalized Data\jsrt\masks\JPCLN149.png,0.9879025816917419,0.9762631058692932,0.9536287188529968
JPCLN150.png,..\DL Methods\DeepLabV3+\Normalized Data\jsrt\cxr\JPCLN150.png,..\DL Methods\DeepLabV3+\Normalized Data\jsrt\masks\JPCLN150.png,0.9856903553009033,0.9760018587112427,0.9531301259994507
JPCLN151.png,..\DL Methods\DeepLabV3+\Normalized Data\jsrt\cxr\JPCLN151.png,..\DL Methods\DeepLabV3+\Normalized Data\jsrt\masks\JPCLN151.png,0.9881218075752258,0.9772510528564453,0.9555157423019409
JPCLN152.png,..\DL Methods\DeepLabV3+\Normalized Data\jsrt\cxr\JPCLN152.png,..\DL Methods\DeepLabV3+\Normalized Data\jsrt\masks\JPCLN152.png,0.9852917790412903,0.975287139415741,0.9517678618431091
JPCLN153.png,..\DL Methods\DeepLabV3+\Normalized Data\jsrt\cxr\JPCLN153.png,..\DL Methods\DeepLabV3+\Normalized Data\jsrt\masks\JPCLN153.png,0.9839963316917419,0.9774171710014343,0.9558330178260803
JPCLN154.png,..\DL Methods\DeepLabV3+\Normalized Data\jsrt\cxr\JPCLN154.png,..\DL Methods\DeepLabV3+\Normalized Data\jsrt\masks\JPCLN154.png,0.9835578799247742,0.9667767286300659,0.935692548751831
JPCNN001.png,..\DL Methods\DeepLabV3+\Normalized Data\jsrt\cxr\JPCNN001.png,..\DL Methods\DeepLabV3+\Normalized Data\jsrt\masks\JPCNN001.png,0.9876434803009033,0.9836829304695129,0.9678906202316284
JPCNN002.png,..\DL Methods\DeepLabV3+\Normalized Data\jsrt\cxr\JPCNN002.png,..\DL Methods\DeepLabV3+\Normalized Data\jsrt\masks\JPCNN002.png,0.9854910373687744,0.9789321422576904,0.9587348103523254
JPCNN003.png,..\DL Methods\DeepLabV3+\Normalized Data\jsrt\cxr\JPCNN003.png,..\DL Methods\DeepLabV3+\Normalized Data\jsrt\masks\JPCNN003.png,0.9827008843421936,0.9623900651931763,0.927509605884552
JPCNN004.png,..\DL Methods\DeepLabV3+\Normalized Data\jsrt\cxr\JPCNN004.png,..\DL Methods\DeepLabV3+\Normalized Data\jsrt\masks\JPCNN004.png,0.9855508208274841,0.973642110824585,0.9486398696899414
JPCNN005.png,..\DL Methods\DeepLabV3+\Normalized Data\jsrt\cxr\JPCNN005.png,..\DL Methods\DeepLabV3+\Normalized Data\jsrt\masks\JPCNN005.png,0.9842354655265808,0.97930508852005,0.9594504833221436
JPCNN006.png,..\DL Methods\DeepLabV3+\Normalized Data\jsrt\cxr\JPCNN006.png,..\DL Methods\DeepLabV3+\Normalized Data\jsrt\masks\JPCNN006.png,0.9875239133834839,0.9800757765769958,0.9609311819076538
JPCNN007.png,..\DL Methods\DeepLabV3+\Normalized Data\jsrt\cxr\JPCNN007.png,..\DL Methods\DeepLabV3+\Normalized Data\jsrt\masks\JPCNN007.png,0.9548389315605164,0.9137320518493652,0.84117192029953
JPCNN008.png,..\DL Methods\DeepLabV3+\Normalized Data\jsrt\cxr\JPCNN008.png,..\DL Methods\DeepLabV3+\Normalized Data\jsrt\masks\JPCNN008.png,0.9849131107330322,0.9765561819076538,0.9541878700256348
JPCNN009.png,..\DL Methods\DeepLabV3+\Normalized Data\jsrt\cxr\JPCNN009.png,..\DL Methods\DeepLabV3+\Normalized Data\jsrt\masks\JPCNN009.png,0.9856305718421936,0.9767043590545654,0.9544708132743835
JPCNN010.png,..\DL Methods\DeepLabV3+\Normalized Data\jsrt\cxr\JPCNN010.png,..\DL Methods\DeepLabV3+\Normalized Data\jsrt\masks\JPCNN010.png,0.9832589030265808,0.9764461517333984,0.953977644443512
JPCNN011.png,..\DL Methods\DeepLabV3+\Normalized Data\jsrt\cxr\JPCNN011.png,..\DL Methods\DeepLabV3+\Normalized Data\jsrt\masks\JPCNN011.png,0.9869260191917419,0.9752200245857239,0.951640248298645
JPCNN012.png,..\DL Methods\DeepLabV3+\Normalized Data\jsrt\cxr\JPCNN012.png,..\DL Methods\DeepLabV3+\Normalized Data\jsrt\masks\JPCNN012.png,0.9862284660339355,0.9799745082855225,0.9607363939285278
JPCNN013.png,..\DL Methods\DeepLabV3+\Normalized Data\jsrt\cxr\JPCNN013.png,..\DL Methods\DeepLabV3+\Normalized Data\jsrt\masks\JPCNN013.png,0.9875438213348389,0.9775550961494446,0.9560972452163696
JPCNN014.png,..\DL Methods\DeepLabV3+\Normalized Data\jsrt\cxr\JPCNN014.png,..\DL Methods\DeepLabV3+\Normalized Data\jsrt\masks\JPCNN014.png,0.9819435477256775,0.9679325819015503,0.9378600716590881
JPCNN015.png,..\DL Methods\DeepLabV3+\Normalized Data\jsrt\cxr\JPCNN015.png,..\DL Methods\DeepLabV3+\Normalized Data\jsrt\masks\JPCNN015.png,0.9908521771430969,0.9815662503242493,0.9638012647628784
JPCNN016.png,..\DL Methods\DeepLabV3+\Normalized Data\jsrt\cxr\JPCNN016.png,..\DL Methods\DeepLabV3+\Normalized Data\jsrt\masks\JPCNN016.png,0.9865074753761292,0.9806671142578125,0.9620685577392578
JPCNN017.png,..\DL Methods\DeepLabV3+\Normalized Data\jsrt\cxr\JPCNN017.png,..\DL Methods\DeepLabV3+\Normalized Data\jsrt\masks\JPCNN017.png,0.9860491156578064,0.9754101037979126,0.9520021677017212
JPCNN018.png,..\DL Methods\DeepLabV3+\Normalized Data\jsrt\cxr\JPCNN018.png,..\DL Methods\DeepLabV3+\Normalized Data\jsrt\masks\JPCNN018.png,0.9852120280265808,0.9758660197257996,0.9528709053993225
JPCNN019.png,..\DL Methods\DeepLabV3+\Normalized Data\jsrt\cxr\JPCNN019.png,..\DL Methods\DeepLabV3+\Normalized Data\jsrt\masks\JPCNN019.png,0.9863879084587097,0.974961519241333,0.9511479735374451
JPCNN020.png,..\DL Methods\DeepLabV3+\Normalized Data\jsrt\cxr\JPCNN020.png,..\DL Methods\DeepLabV3+\Normalized Data\jsrt\masks\JPCNN020.png,0.9848532676696777,0.9816367626190186,0.9639366269111633
JPCNN021.png,..\DL Methods\DeepLabV3+\Normalized Data\jsrt\cxr\JPCNN021.png,..\DL Methods\DeepLabV3+\Normalized Data\jsrt\masks\JPCNN021.png,0.9854910373687744,0.9732224941253662,0.9478435516357422
JPCNN022.png,..\DL Methods\DeepLabV3+\Normalized Data\jsrt\cxr\JPCNN022.png,..\DL Methods\DeepLabV3+\Normalized Data\jsrt\masks\JPCNN022.png,0.9846739172935486,0.9775316715240479,0.9560521245002747
JPCNN023.png,..\DL Methods\DeepLabV3+\Normalized Data\jsrt\cxr\JPCNN023.png,..\DL Methods\DeepLabV3+\Normalized Data\jsrt\masks\JPCNN023.png,0.9792131781578064,0.9732000827789307,0.9478003978729248
JPCNN024.png,..\DL Methods\DeepLabV3+\Normalized Data\jsrt\cxr\JPCNN024.png,..\DL Methods\DeepLabV3+\Normalized Data\jsrt\masks\JPCNN024.png,0.9879623651504517,0.9729572534561157,0.9473409056663513
JPCNN025.png,..\DL Methods\DeepLabV3+\Normalized Data\jsrt\cxr\JPCNN025.png,..\DL Methods\DeepLabV3+\Normalized Data\jsrt\masks\JPCNN025.png,0.9780771732330322,0.970454752445221,0.9426066875457764
JPCNN026.png,..\DL Methods\DeepLabV3+\Normalized Data\jsrt\cxr\JPCNN026.png,..\DL Methods\DeepLabV3+\Normalized Data\jsrt\masks\JPCNN026.png,0.9836574792861938,0.9727148413658142,0.9468808770179749
JPCNN027.png,..\DL Methods\DeepLabV3+\Normalized Data\jsrt\cxr\JPCNN027.png,..\DL Methods\DeepLabV3+\Normalized Data\jsrt\masks\JPCNN027.png,0.9871850609779358,0.9732685089111328,0.9479309916496277
JPCNN028.png,..\DL Methods\DeepLabV3+\Normalized Data\jsrt\cxr\JPCNN028.png,..\DL Methods\DeepLabV3+\Normalized Data\jsrt\masks\JPCNN028.png,0.9810068607330322,0.9710351824760437,0.943702757358551
JPCNN029.png,..\DL Methods\DeepLabV3+\Normalized Data\jsrt\cxr\JPCNN029.png,..\DL Methods\DeepLabV3+\Normalized Data\jsrt\masks\JPCNN029.png,0.9894969463348389,0.9738409519195557,0.9490180611610413
JPCNN030.png,..\DL Methods\DeepLabV3+\Normalized Data\jsrt\cxr\JPCNN030.png,..\DL Methods\DeepLabV3+\Normalized Data\jsrt\masks\JPCNN030.png,0.9901147484779358,0.9810795187950134,0.9628631472587585
JPCNN031.png,..\DL Methods\DeepLabV3+\Normalized Data\jsrt\cxr\JPCNN031.png,..\DL Methods\DeepLabV3+\Normalized Data\jsrt\masks\JPCNN031.png,0.984394907951355,0.9767835140228271,0.9546218514442444
JPCNN032.png,..\DL Methods\DeepLabV3+\Normalized Data\jsrt\cxr\JPCNN032.png,..\DL Methods\DeepLabV3+\Normalized Data\jsrt\masks\JPCNN032.png,0.9874042868614197,0.9819608926773071,0.9645620584487915
JPCNN033.png,..\DL Methods\DeepLabV3+\Normalized Data\jsrt\cxr\JPCNN033.png,..\DL Methods\DeepLabV3+\Normalized Data\jsrt\masks\JPCNN033.png,0.9859693646430969,0.9797520637512207,0.9603089690208435
JPCNN034.png,..\DL Methods\DeepLabV3+\Normalized Data\jsrt\cxr\JPCNN034.png,..\DL Methods\DeepLabV3+\Normalized Data\jsrt\masks\JPCNN034.png,0.9844546914100647,0.9774494767189026,0.9558948278427124
JPCNN035.png,..\DL Methods\DeepLabV3+\Normalized Data\jsrt\cxr\JPCNN035.png,..\DL Methods\DeepLabV3+\Normalized Data\jsrt\masks\JPCNN035.png,0.9823022484779358,0.9733709096908569,0.9481247663497925
JPCNN036.png,..\DL Methods\DeepLabV3+\Normalized Data\jsrt\cxr\JPCNN036.png,..\DL Methods\DeepLabV3+\Normalized Data\jsrt\masks\JPCNN036.png,0.9858697056770325,0.9787902235984802,0.9584627151489258
JPCNN037.png,..\DL Methods\DeepLabV3+\Normalized Data\jsrt\cxr\JPCNN037.png,..\DL Methods\DeepLabV3+\Normalized Data\jsrt\masks\JPCNN037.png,0.9854910373687744,0.9765153527259827,0.9541099071502686
JPCNN038.png,..\DL Methods\DeepLabV3+\Normalized Data\jsrt\cxr\JPCNN038.png,..\DL Methods\DeepLabV3+\Normalized Data\jsrt\masks\JPCNN038.png,0.9833186864852905,0.9765217304229736,0.9541218876838684
JPCNN039.png,..\DL Methods\DeepLabV3+\Normalized Data\jsrt\cxr\JPCNN039.png,..\DL Methods\DeepLabV3+\Normalized Data\jsrt\masks\JPCNN039.png,0.9816645383834839,0.9730308055877686,0.9474796056747437
JPCNN040.png,..\DL Methods\DeepLabV3+\Normalized Data\jsrt\cxr\JPCNN040.png,..\DL Methods\DeepLabV3+\Normalized Data\jsrt\masks\JPCNN040.png,0.9866669178009033,0.9768319725990295,0.9547146558761597
JPCNN041.png,..\DL Methods\DeepLabV3+\Normalized Data\jsrt\cxr\JPCNN041.png,..\DL Methods\DeepLabV3+\Normalized Data\jsrt\masks\JPCNN041.png,0.9842553734779358,0.9761912226676941,0.9534910917282104
JPCNN042.png,..\DL Methods\DeepLabV3+\Normalized Data\jsrt\cxr\JPCNN042.png,..\DL Methods\DeepLabV3+\Normalized Data\jsrt\masks\JPCNN042.png,0.9869858026504517,0.9798344969749451,0.9604673981666565
JPCNN043.png,..\DL Methods\DeepLabV3+\Normalized Data\jsrt\cxr\JPCNN043.png,..\DL Methods\DeepLabV3+\Normalized Data\jsrt\masks\JPCNN043.png,0.98343825340271,0.9689461588859558,0.9397651553153992
JPCNN044.png,..\DL Methods\DeepLabV3+\Normalized Data\jsrt\cxr\JPCNN044.png,..\DL Methods\DeepLabV3+\Normalized Data\jsrt\masks\JPCNN044.png,0.9887197017669678,0.9821659326553345,0.9649578928947449
JPCNN045.png,..\DL Methods\DeepLabV3+\Normalized Data\jsrt\cxr\JPCNN045.png,..\DL Methods\DeepLabV3+\Normalized Data\jsrt\masks\JPCNN045.png,0.9815250039100647,0.9781481027603149,0.9572318196296692
JPCNN046.png,..\DL Methods\DeepLabV3+\Normalized Data\jsrt\cxr\JPCNN046.png,..\DL Methods\DeepLabV3+\Normalized Data\jsrt\masks\JPCNN046.png,0.9837372303009033,0.9767792820930481,0.9546137452125549
JPCNN047.png,..\DL Methods\DeepLabV3+\Normalized Data\jsrt\cxr\JPCNN047.png,..\DL Methods\DeepLabV3+\Normalized Data\jsrt\masks\JPCNN047.png,0.9900948405265808,0.9836016893386841,0.9677335619926453
JPCNN048.png,..\DL Methods\DeepLabV3+\Normalized Data\jsrt\cxr\JPCNN048.png,..\DL Methods\DeepLabV3+\Normalized Data\jsrt\masks\JPCNN048.png,0.9825214743614197,0.9726757407188416,0.9468065500259399
JPCNN049.png,..\DL Methods\DeepLabV3+\Normalized Data\jsrt\cxr\JPCNN049.png,..\DL Methods\DeepLabV3+\Normalized Data\jsrt\masks\JPCNN049.png,0.9784956574440002,0.9663443565368652,0.9348823428153992
JPCNN050.png,..\DL Methods\DeepLabV3+\Normalized Data\jsrt\cxr\JPCNN050.png,..\DL Methods\DeepLabV3+\Normalized Data\jsrt\masks\JPCNN050.png,0.9870654940605164,0.9811720252037048,0.9630410075187683
JPCNN051.png,..\DL Methods\DeepLabV3+\Normalized Data\jsrt\cxr\JPCNN051.png,..\DL Methods\DeepLabV3+\Normalized Data\jsrt\masks\JPCNN051.png,0.9859294891357422,0.9751853942871094,0.9515742063522339
JPCNN052.png,..\DL Methods\DeepLabV3+\Normalized Data\jsrt\cxr\JPCNN052.png,..\DL Methods\DeepLabV3+\Normalized Data\jsrt\masks\JPCNN052.png,0.9842354655265808,0.9707037210464478,0.9430771470069885
JPCNN053.png,..\DL Methods\DeepLabV3+\Normalized Data\jsrt\cxr\JPCNN053.png,..\DL Methods\DeepLabV3+\Normalized Data\jsrt\masks\JPCNN053.png,0.9843550324440002,0.9695264101028442,0.9408573508262634
JPCNN054.png,..\DL Methods\DeepLabV3+\Normalized Data\jsrt\cxr\JPCNN054.png,..\DL Methods\DeepLabV3+\Normalized Data\jsrt\masks\JPCNN054.png,0.9821228981018066,0.9781123399734497,0.9571633338928223
JPCNN055.png,..\DL Methods\DeepLabV3+\Normalized Data\jsrt\cxr\JPCNN055.png,..\DL Methods\DeepLabV3+\Normalized Data\jsrt\masks\JPCNN055.png,0.977558970451355,0.9700013399124146,0.9417515993118286
JPCNN056.png,..\DL Methods\DeepLabV3+\Normalized Data\jsrt\cxr\JPCNN056.png,..\DL Methods\DeepLabV3+\Normalized Data\jsrt\masks\JPCNN056.png,0.983797013759613,0.9769282937049866,0.954898476600647
JPCNN057.png,..\DL Methods\DeepLabV3+\Normalized Data\jsrt\cxr\JPCNN057.png,..\DL Methods\DeepLabV3+\Normalized Data\jsrt\masks\JPCNN057.png,0.9806879758834839,0.9747629761695862,0.9507697224617004
JPCNN058.png,..\DL Methods\DeepLabV3+\Normalized Data\jsrt\cxr\JPCNN058.png,..\DL Methods\DeepLabV3+\Normalized Data\jsrt\masks\JPCNN058.png,0.9791334271430969,0.9683972001075745,0.9387325048446655
JPCNN059.png,..\DL Methods\DeepLabV3+\Normalized Data\jsrt\cxr\JPCNN059.png,..\DL Methods\DeepLabV3+\Normalized Data\jsrt\masks\JPCNN059.png,0.9853515625,0.9772347211837769,0.9554842114448547
JPCNN060.png,..\DL Methods\DeepLabV3+\Normalized Data\jsrt\cxr\JPCNN060.png,..\DL Methods\DeepLabV3+\Normalized Data\jsrt\masks\JPCNN060.png,0.9864277243614197,0.978866696357727,0.9586093425750732
JPCNN061.png,..\DL Methods\DeepLabV3+\Normalized Data\jsrt\cxr\JPCNN061.png,..\DL Methods\DeepLabV3+\Normalized Data\jsrt\masks\JPCNN061.png,0.9843152165412903,0.9782728552818298,0.9574709534645081
JPCNN062.png,..\DL Methods\DeepLabV3+\Normalized Data\jsrt\cxr\JPCNN062.png,..\DL Methods\DeepLabV3+\Normalized Data\jsrt\masks\JPCNN062.png,0.9869260191917419,0.9680731892585754,0.9381248950958252
JPCNN063.png,..\DL Methods\DeepLabV3+\Normalized Data\jsrt\cxr\JPCNN063.png,..\DL Methods\DeepLabV3+\Normalized Data\jsrt\masks\JPCNN063.png,0.9892179369926453,0.9831264615058899,0.966813862323761
JPCNN064.png,..\DL Methods\DeepLabV3+\Normalized Data\jsrt\cxr\JPCNN064.png,..\DL Methods\DeepLabV3+\Normalized Data\jsrt\masks\JPCNN064.png,0.9885402917861938,0.9809097051620483,0.9625358581542969
JPCNN065.png,..\DL Methods\DeepLabV3+\Normalized Data\jsrt\cxr\JPCNN065.png,..\DL Methods\DeepLabV3+\Normalized Data\jsrt\masks\JPCNN065.png,0.9823819994926453,0.9685061573982239,0.9389376044273376
JPCNN066.png,..\DL Methods\DeepLabV3+\Normalized Data\jsrt\cxr\JPCNN066.png,..\DL Methods\DeepLabV3+\Normalized Data\jsrt\masks\JPCNN066.png,0.984375,0.9671623110771179,0.9364152550697327
JPCNN067.png,..\DL Methods\DeepLabV3+\Normalized Data\jsrt\cxr\JPCNN067.png,..\DL Methods\DeepLabV3+\Normalized Data\jsrt\masks\JPCNN067.png,0.9844347834587097,0.9695777297019958,0.9409540891647339
JPCNN068.png,..\DL Methods\DeepLabV3+\Normalized Data\jsrt\cxr\JPCNN068.png,..\DL Methods\DeepLabV3+\Normalized Data\jsrt\masks\JPCNN068.png,0.9874840378761292,0.9675602912902832,0.9371622800827026
JPCNN069.png,..\DL Methods\DeepLabV3+\Normalized Data\jsrt\cxr\JPCNN069.png,..\DL Methods\DeepLabV3+\Normalized Data\jsrt\masks\JPCNN069.png,0.9855707883834839,0.9803852438926697,0.9615262150764465
JPCNN070.png,..\DL Methods\DeepLabV3+\Normalized Data\jsrt\cxr\JPCNN070.png,..\DL Methods\DeepLabV3+\Normalized Data\jsrt\masks\JPCNN070.png,0.9830595850944519,0.9705545902252197,0.9427956342697144
JPCNN071.png,..\DL Methods\DeepLabV3+\Normalized Data\jsrt\cxr\JPCNN071.png,..\DL Methods\DeepLabV3+\Normalized Data\jsrt\masks\JPCNN071.png,0.9830795526504517,0.9594981670379639,0.9221529364585876
JPCNN072.png,..\DL Methods\DeepLabV3+\Normalized Data\jsrt\cxr\JPCNN072.png,..\DL Methods\DeepLabV3+\Normalized Data\jsrt\masks\JPCNN072.png,0.9887396097183228,0.9780309796333313,0.9570080637931824
JPCNN073.png,..\DL Methods\DeepLabV3+\Normalized Data\jsrt\cxr\JPCNN073.png,..\DL Methods\DeepLabV3+\Normalized Data\jsrt\masks\JPCNN073.png,0.9810865521430969,0.9623412489891052,0.9274187088012695
JPCNN074.png,..\DL Methods\DeepLabV3+\Normalized Data\jsrt\cxr\JPCNN074.png,..\DL Methods\DeepLabV3+\Normalized Data\jsrt\masks\JPCNN074.png,0.9837372303009033,0.9732730388641357,0.9479392766952515
JPCNN075.png,..\DL Methods\DeepLabV3+\Normalized Data\jsrt\cxr\JPCNN075.png,..\DL Methods\DeepLabV3+\Normalized Data\jsrt\masks\JPCNN075.png,0.9833186864852905,0.9771161675453186,0.9552574157714844
JPCNN076.png,..\DL Methods\DeepLabV3+\Normalized Data\jsrt\cxr\JPCNN076.png,..\DL Methods\DeepLabV3+\Normalized Data\jsrt\masks\JPCNN076.png,0.9852519035339355,0.9799929857254028,0.9607718586921692
JPCNN077.png,..\DL Methods\DeepLabV3+\Normalized Data\jsrt\cxr\JPCNN077.png,..\DL Methods\DeepLabV3+\Normalized Data\jsrt\masks\JPCNN077.png,0.9866470098495483,0.9746087193489075,0.9504767656326294
JPCNN078.png,..\DL Methods\DeepLabV3+\Normalized Data\jsrt\cxr\JPCNN078.png,..\DL Methods\DeepLabV3+\Normalized Data\jsrt\masks\JPCNN078.png,0.9845144748687744,0.9718906283378601,0.945320188999176
JPCNN079.png,..\DL Methods\DeepLabV3+\Normalized Data\jsrt\cxr\JPCNN079.png,..\DL Methods\DeepLabV3+\Normalized Data\jsrt\masks\JPCNN079.png,0.9826610088348389,0.9762483239173889,0.9535999894142151
JPCNN080.png,..\DL Methods\DeepLabV3+\Normalized Data\jsrt\cxr\JPCNN080.png,..\DL Methods\DeepLabV3+\Normalized Data\jsrt\masks\JPCNN080.png,0.9837173223495483,0.9597576856613159,0.9226325750350952
JPCNN081.png,..\DL Methods\DeepLabV3+\Normalized Data\jsrt\cxr\JPCNN081.png,..\DL Methods\DeepLabV3+\Normalized Data\jsrt\masks\JPCNN081.png,0.98046875,0.9739160537719727,0.949159562587738
JPCNN082.png,..\DL Methods\DeepLabV3+\Normalized Data\jsrt\cxr\JPCNN082.png,..\DL Methods\DeepLabV3+\Normalized Data\jsrt\masks\JPCNN082.png,0.9830994606018066,0.9704292416572571,0.9425591230392456
JPCNN083.png,..\DL Methods\DeepLabV3+\Normalized Data\jsrt\cxr\JPCNN083.png,..\DL Methods\DeepLabV3+\Normalized Data\jsrt\masks\JPCNN083.png,0.9858697056770325,0.9691121578216553,0.9400777816772461
JPCNN084.png,..\DL Methods\DeepLabV3+\Normalized Data\jsrt\cxr\JPCNN084.png,..\DL Methods\DeepLabV3+\Normalized Data\jsrt\masks\JPCNN084.png,0.9849529266357422,0.9716889262199402,0.9449387192726135
JPCNN085.png,..\DL Methods\DeepLabV3+\Normalized Data\jsrt\cxr\JPCNN085.png,..\DL Methods\DeepLabV3+\Normalized Data\jsrt\masks\JPCNN085.png,0.9813655614852905,0.9617961645126343,0.9264069199562073
JPCNN086.png,..\DL Methods\DeepLabV3+\Normalized Data\jsrt\cxr\JPCNN086.png,..\DL Methods\DeepLabV3+\Normalized Data\jsrt\masks\JPCNN086.png,0.9884207248687744,0.9833619594573975,0.9672694206237793
JPCNN087.png,..\DL Methods\DeepLabV3+\Normalized Data\jsrt\cxr\JPCNN087.png,..\DL Methods\DeepLabV3+\Normalized Data\jsrt\masks\JPCNN087.png,0.9776785373687744,0.9488046765327454,0.9026002287864685
JPCNN088.png,..\DL Methods\DeepLabV3+\Normalized Data\jsrt\cxr\JPCNN088.png,..\DL Methods\DeepLabV3+\Normalized Data\jsrt\masks\JPCNN088.png,0.9821428656578064,0.9657688736915588,0.9338061213493347
JPCNN089.png,..\DL Methods\DeepLabV3+\Normalized Data\jsrt\cxr\JPCNN089.png,..\DL Methods\DeepLabV3+\Normalized Data\jsrt\masks\JPCNN089.png,0.9878826141357422,0.9853497743606567,0.9711232781410217
JPCNN090.png,..\DL Methods\DeepLabV3+\Normalized Data\jsrt\cxr\JPCNN090.png,..\DL Methods\DeepLabV3+\Normalized Data\jsrt\masks\JPCNN090.png,0.9800502061843872,0.9651826024055481,0.9327104091644287
JPCNN091.png,..\DL Methods\DeepLabV3+\Normalized Data\jsrt\cxr\JPCNN091.png,..\DL Methods\DeepLabV3+\Normalized Data\jsrt\masks\JPCNN091.png,0.9772201776504517,0.9683765172958374,0.9386934041976929
JPCNN092.png,..\DL Methods\DeepLabV3+\Normalized Data\jsrt\cxr\JPCNN092.png,..\DL Methods\DeepLabV3+\Normalized Data\jsrt\masks\JPCNN092.png,0.9914899468421936,0.9770725965499878,0.9551752805709839
JPCNN093.png,..\DL Methods\DeepLabV3+\Normalized Data\jsrt\cxr\JPCNN093.png,..\DL Methods\DeepLabV3+\Normalized Data\jsrt\masks\JPCNN093.png,0.9871850609779358,0.975796103477478,0.9527379870414734
