filename,image_path,mask_path,Dice (DSC),IoU (Jaccard)
JPCLN001.png,..\..\DL Methods\DeepLabV3+\Normalized Data\jsrt\cxr\JPCLN001.png,..\..\DL Methods\DeepLabV3+\Normalized Data\jsrt\masks\JPCLN001.png,0.9785389304161072,0.9579799175262451
JPCLN002.png,..\..\DL Methods\DeepLabV3+\Normalized Data\jsrt\cxr\JPCLN002.png,..\..\DL Methods\DeepLabV3+\Normalized Data\jsrt\masks\JPCLN002.png,0.9685748815536499,0.9390652179718018
JPCLN003.png,..\..\DL Methods\DeepLabV3+\Normalized Data\jsrt\cxr\JPCLN003.png,..\..\DL Methods\DeepLabV3+\Normalized Data\jsrt\masks\JPCLN003.png,0.9801674485206604,0.961106538772583
JPCLN004.png,..\..\DL Methods\DeepLabV3+\Normalized Data\jsrt\cxr\JPCLN004.png,..\..\DL Methods\DeepLabV3+\Normalized Data\jsrt\masks\JPCLN004.png,0.9731935858726501,0.9477871656417847
JPCLN005.png,..\..\DL Methods\DeepLabV3+\Normalized Data\jsrt\cxr\JPCLN005.png,..\..\DL Methods\DeepLabV3+\Normalized Data\jsrt\masks\JPCLN005.png,0.9735299944877625,0.9484255313873291
JPCLN006.png,..\..\DL Methods\DeepLabV3+\Normalized Data\jsrt\cxr\JPCLN006.png,..\..\DL Methods\DeepLabV3+\Normalized Data\jsrt\masks\JPCLN006.png,0.978085994720459,0.9571121335029602
JPCLN007.png,..\..\DL Methods\DeepLabV3+\Normalized Data\jsrt\cxr\JPCLN007.png,..\..\DL Methods\DeepLabV3+\Normalized Data\jsrt\masks\JPCLN007.png,0.9805598258972168,0.961861252784729
JPCLN008.png,..\..\DL Methods\DeepLabV3+\Normalized Data\jsrt\cxr\JPCLN008.png,..\..\DL Methods\DeepLabV3+\Normalized Data\jsrt\masks\JPCLN008.png,0.981471598148346,0.9636174440383911
JPCLN009.png,..\..\DL Methods\DeepLabV3+\Normalized Data\jsrt\cxr\JPCLN009.png,..\..\DL Methods\DeepLabV3+\Normalized Data\jsrt\masks\JPCLN009.png,0.978955090045929,0.9587779641151428
JPCLN010.png,..\..\DL Methods\DeepLabV3+\Normalized Data\jsrt\cxr\JPCLN010.png,..\..\DL Methods\DeepLabV3+\Normalized Data\jsrt\masks\JPCLN010.png,0.963409423828125,0.9294027090072632
JPCLN011.png,..\..\DL Methods\DeepLabV3+\Normalized Data\jsrt\cxr\JPCLN011.png,..\..\DL Methods\DeepLabV3+\Normalized Data\jsrt\masks\JPCLN011.png,0.9733245372772217,0.9480355381965637
JPCLN012.png,..\..\DL Methods\DeepLabV3+\Normalized Data\jsrt\cxr\JPCLN012.png,..\..\DL Methods\DeepLabV3+\Normalized Data\jsrt\masks\JPCLN012.png,0.9660571217536926,0.934343159198761
JPCLN013.png,..\..\DL Methods\DeepLabV3+\Normalized Data\jsrt\cxr\JPCLN013.png,..\..\DL Methods\DeepLabV3+\Normalized Data\jsrt\masks\JPCLN013.png,0.9732346534729004,0.9478650689125061
JPCLN014.png,..\..\DL Methods\DeepLabV3+\Normalized Data\jsrt\cxr\JPCLN014.png,..\..\DL Methods\DeepLabV3+\Normalized Data\jsrt\masks\JPCLN014.png,0.9720219373703003,0.9455671906471252
JPCLN015.png,..\..\DL Methods\DeepLabV3+\Normalized Data\jsrt\cxr\JPCLN015.png,..\..\DL Methods\DeepLabV3+\Normalized Data\jsrt\masks\JPCLN015.png,0.9660881161689758,0.934401273727417
JPCLN016.png,..\..\DL Methods\DeepLabV3+\Normalized Data\jsrt\cxr\JPCLN016.png,..\..\DL Methods\DeepLabV3+\Normalized Data\jsrt\masks\JPCLN016.png,0.9277436137199402,0.8652264475822449
JPCLN017.png,..\..\DL Methods\DeepLabV3+\Normalized Data\jsrt\cxr\JPCLN017.png,..\..\DL Methods\DeepLabV3+\Normalized Data\jsrt\masks\JPCLN017.png,0.970689594745636,0.9430488348007202
JPCLN018.png,..\..\DL Methods\DeepLabV3+\Normalized Data\jsrt\cxr\JPCLN018.png,..\..\DL Methods\DeepLabV3+\Normalized Data\jsrt\masks\JPCLN018.png,0.9798929691314697,0.9605787992477417
JPCLN019.png,..\..\DL Methods\DeepLabV3+\Normalized Data\jsrt\cxr\JPCLN019.png,..\..\DL Methods\DeepLabV3+\Normalized Data\jsrt\masks\JPCLN019.png,0.9827268123626709,0.9660404324531555
JPCLN020.png,..\..\DL Methods\DeepLabV3+\Normalized Data\jsrt\cxr\JPCLN020.png,..\..\DL Methods\DeepLabV3+\Normalized Data\jsrt\masks\JPCLN020.png,0.9755936861038208,0.9523506164550781
JPCLN021.png,..\..\DL Methods\DeepLabV3+\Normalized Data\jsrt\cxr\JPCLN021.png,..\..\DL Methods\DeepLabV3+\Normalized Data\jsrt\masks\JPCLN021.png,0.979300856590271,0.9594414830207825
JPCLN022.png,..\..\DL Methods\DeepLabV3+\Normalized Data\jsrt\cxr\JPCLN022.png,..\..\DL Methods\DeepLabV3+\Normalized Data\jsrt\masks\JPCLN022.png,0.9783033132553101,0.9575283527374268
JPCLN023.png,..\..\DL Methods\DeepLabV3+\Normalized Data\jsrt\cxr\JPCLN023.png,..\..\DL Methods\DeepLabV3+\Normalized Data\jsrt\masks\JPCLN023.png,0.9750674366950989,0.9513481259346008
JPCLN024.png,..\..\DL Methods\DeepLabV3+\Normalized Data\jsrt\cxr\JPCLN024.png,..\..\DL Methods\DeepLabV3+\Normalized Data\jsrt\masks\JPCLN024.png,0.9723841547966003,0.9462530016899109
JPCLN025.png,..\..\DL Methods\DeepLabV3+\Normalized Data\jsrt\cxr\JPCLN025.png,..\..\DL Methods\DeepLabV3+\Normalized Data\jsrt\masks\JPCLN025.png,0.9677347540855408,0.937487006187439
JPCLN026.png,..\..\DL Methods\DeepLabV3+\Normalized Data\jsrt\cxr\JPCLN026.png,..\..\DL Methods\DeepLabV3+\Normalized Data\jsrt\masks\JPCLN026.png,0.983124315738678,0.9668089747428894
JPCLN027.png,..\..\DL Methods\DeepLabV3+\Normalized Data\jsrt\cxr\JPCLN027.png,..\..\DL Methods\DeepLabV3+\Normalized Data\jsrt\masks\JPCLN027.png,0.9768347144126892,0.9547186493873596
JPCLN028.png,..\..\DL Methods\DeepLabV3+\Normalized Data\jsrt\cxr\JPCLN028.png,..\..\DL Methods\DeepLabV3+\Normalized Data\jsrt\masks\JPCLN028.png,0.9741398692131042,0.9495838284492493
JPCLN029.png,..\..\DL Methods\DeepLabV3+\Normalized Data\jsrt\cxr\JPCLN029.png,..\..\DL Methods\DeepLabV3+\Normalized Data\jsrt\masks\JPCLN029.png,0.9646839499473572,0.931777834892273
JPCLN030.png,..\..\DL Methods\DeepLabV3+\Normalized Data\jsrt\cxr\JPCLN030.png,..\..\DL Methods\DeepLabV3+\Normalized Data\jsrt\masks\JPCLN030.png,0.9570733308792114,0.9176809191703796
JPCLN031.png,..\..\DL Methods\DeepLabV3+\Normalized Data\jsrt\cxr\JPCLN031.png,..\..\DL Methods\DeepLabV3+\Normalized Data\jsrt\masks\JPCLN031.png,0.9802600145339966,0.9612845182418823
JPCLN032.png,..\..\DL Methods\DeepLabV3+\Normalized Data\jsrt\cxr\JPCLN032.png,..\..\DL Methods\DeepLabV3+\Normalized Data\jsrt\masks\JPCLN032.png,0.9763825535774231,0.9538551568984985
JPCLN033.png,..\..\DL Methods\DeepLabV3+\Normalized Data\jsrt\cxr\JPCLN033.png,..\..\DL Methods\DeepLabV3+\Normalized Data\jsrt\masks\JPCLN033.png,0.9764670729637146,0.9540166258811951
JPCLN034.png,..\..\DL Methods\DeepLabV3+\Normalized Data\jsrt\cxr\JPCLN034.png,..\..\DL Methods\DeepLabV3+\Normalized Data\jsrt\masks\JPCLN034.png,0.9727960228919983,0.9470332860946655
JPCLN035.png,..\..\DL Methods\DeepLabV3+\Normalized Data\jsrt\cxr\JPCLN035.png,..\..\DL Methods\DeepLabV3+\Normalized Data\jsrt\masks\JPCLN035.png,0.9823846817016602,0.9653793573379517
JPCLN036.png,..\..\DL Methods\DeepLabV3+\Normalized Data\jsrt\cxr\JPCLN036.png,..\..\DL Methods\DeepLabV3+\Normalized Data\jsrt\masks\JPCLN036.png,0.9751392602920532,0.9514849185943604
JPCLN037.png,..\..\DL Methods\DeepLabV3+\Normalized Data\jsrt\cxr\JPCLN037.png,..\..\DL Methods\DeepLabV3+\Normalized Data\jsrt\masks\JPCLN037.png,0.977052628993988,0.9551351070404053
JPCLN038.png,..\..\DL Methods\DeepLabV3+\Normalized Data\jsrt\cxr\JPCLN038.png,..\..\DL Methods\DeepLabV3+\Normalized Data\jsrt\masks\JPCLN038.png,0.976395845413208,0.9538806676864624
JPCLN039.png,..\..\DL Methods\DeepLabV3+\Normalized Data\jsrt\cxr\JPCLN039.png,..\..\DL Methods\DeepLabV3+\Normalized Data\jsrt\masks\JPCLN039.png,0.9742336869239807,0.9497621655464172
JPCLN040.png,..\..\DL Methods\DeepLabV3+\Normalized Data\jsrt\cxr\JPCLN040.png,..\..\DL Methods\DeepLabV3+\Normalized Data\jsrt\masks\JPCLN040.png,0.9788280129432678,0.9585341215133667
JPCLN041.png,..\..\DL Methods\DeepLabV3+\Normalized Data\jsrt\cxr\JPCLN041.png,..\..\DL Methods\DeepLabV3+\Normalized Data\jsrt\masks\JPCLN041.png,0.9716798067092896,0.9449198246002197
JPCLN042.png,..\..\DL Methods\DeepLabV3+\Normalized Data\jsrt\cxr\JPCLN042.png,..\..\DL Methods\DeepLabV3+\Normalized Data\jsrt\masks\JPCLN042.png,0.96555495262146,0.9334043860435486
JPCLN043.png,..\..\DL Methods\DeepLabV3+\Normalized Data\jsrt\cxr\JPCLN043.png,..\..\DL Methods\DeepLabV3+\Normalized Data\jsrt\masks\JPCLN043.png,0.9658652544021606,0.9339843988418579
JPCLN044.png,..\..\DL Methods\DeepLabV3+\Normalized Data\jsrt\cxr\JPCLN044.png,..\..\DL Methods\DeepLabV3+\Normalized Data\jsrt\masks\JPCLN044.png,0.9754854440689087,0.9521443843841553
JPCLN045.png,..\..\DL Methods\DeepLabV3+\Normalized Data\jsrt\cxr\JPCLN045.png,..\..\DL Methods\DeepLabV3+\Normalized Data\jsrt\masks\JPCLN045.png,0.9739182591438293,0.9491626620292664
JPCLN046.png,..\..\DL Methods\DeepLabV3+\Normalized Data\jsrt\cxr\JPCLN046.png,..\..\DL Methods\DeepLabV3+\Normalized Data\jsrt\masks\JPCLN046.png,0.9713871479034424,0.944366455078125
JPCLN047.png,..\..\DL Methods\DeepLabV3+\Normalized Data\jsrt\cxr\JPCLN047.png,..\..\DL Methods\DeepLabV3+\Normalized Data\jsrt\masks\JPCLN047.png,0.9627901911735535,0.9282505512237549
JPCLN048.png,..\..\DL Methods\DeepLabV3+\Normalized Data\jsrt\cxr\JPCLN048.png,..\..\DL Methods\DeepLabV3+\Normalized Data\jsrt\masks\JPCLN048.png,0.903147280216217,0.8234003782272339
JPCLN049.png,..\..\DL Methods\DeepLabV3+\Normalized Data\jsrt\cxr\JPCLN049.png,..\..\DL Methods\DeepLabV3+\Normalized Data\jsrt\masks\JPCLN049.png,0.9763749837875366,0.9538407921791077
JPCLN050.png,..\..\DL Methods\DeepLabV3+\Normalized Data\jsrt\cxr\JPCLN050.png,..\..\DL Methods\DeepLabV3+\Normalized Data\jsrt\masks\JPCLN050.png,0.9817026853561401,0.9640631079673767
JPCLN051.png,..\..\DL Methods\DeepLabV3+\Normalized Data\jsrt\cxr\JPCLN051.png,..\..\DL Methods\DeepLabV3+\Normalized Data\jsrt\masks\JPCLN051.png,0.9793376326560974,0.9595121145248413
JPCLN052.png,..\..\DL Methods\DeepLabV3+\Normalized Data\jsrt\cxr\JPCLN052.png,..\..\DL Methods\DeepLabV3+\Normalized Data\jsrt\masks\JPCLN052.png,0.9711470603942871,0.9439128041267395
JPCLN053.png,..\..\DL Methods\DeepLabV3+\Normalized Data\jsrt\cxr\JPCLN053.png,..\..\DL Methods\DeepLabV3+\Normalized Data\jsrt\masks\JPCLN053.png,0.9674849510192871,0.9370180368423462
JPCLN054.png,..\..\DL Methods\DeepLabV3+\Normalized Data\jsrt\cxr\JPCLN054.png,..\..\DL Methods\DeepLabV3+\Normalized Data\jsrt\masks\JPCLN054.png,0.9808735847473145,0.9624652862548828
JPCLN055.png,..\..\DL Methods\DeepLabV3+\Normalized Data\jsrt\cxr\JPCLN055.png,..\..\DL Methods\DeepLabV3+\Normalized Data\jsrt\masks\JPCLN055.png,0.9735890030860901,0.9485375285148621
JPCLN056.png,..\..\DL Methods\DeepLabV3+\Normalized Data\jsrt\cxr\JPCLN056.png,..\..\DL Methods\DeepLabV3+\Normalized Data\jsrt\masks\JPCLN056.png,0.9735497832298279,0.9484631419181824
JPCLN057.png,..\..\DL Methods\DeepLabV3+\Normalized Data\jsrt\cxr\JPCLN057.png,..\..\DL Methods\DeepLabV3+\Normalized Data\jsrt\masks\JPCLN057.png,0.9803915023803711,0.9615374803543091
JPCLN058.png,..\..\DL Methods\DeepLabV3+\Normalized Data\jsrt\cxr\JPCLN058.png,..\..\DL Methods\DeepLabV3+\Normalized Data\jsrt\masks\JPCLN058.png,0.9782885313034058,0.9575000405311584
JPCLN059.png,..\..\DL Methods\DeepLabV3+\Normalized Data\jsrt\cxr\JPCLN059.png,..\..\DL Methods\DeepLabV3+\Normalized Data\jsrt\masks\JPCLN059.png,0.9784478545188904,0.9578053951263428
JPCLN060.png,..\..\DL Methods\DeepLabV3+\Normalized Data\jsrt\cxr\JPCLN060.png,..\..\DL Methods\DeepLabV3+\Normalized Data\jsrt\masks\JPCLN060.png,0.9746172428131104,0.9504915475845337
JPCLN061.png,..\..\DL Methods\DeepLabV3+\Normalized Data\jsrt\cxr\JPCLN061.png,..\..\DL Methods\DeepLabV3+\Normalized Data\jsrt\masks\JPCLN061.png,0.9661925435066223,0.9345966577529907
JPCLN062.png,..\..\DL Methods\DeepLabV3+\Normalized Data\jsrt\cxr\JPCLN062.png,..\..\DL Methods\DeepLabV3+\Normalized Data\jsrt\masks\JPCLN062.png,0.9769379496574402,0.9549159407615662
JPCLN063.png,..\..\DL Methods\DeepLabV3+\Normalized Data\jsrt\cxr\JPCLN063.png,..\..\DL Methods\DeepLabV3+\Normalized Data\jsrt\masks\JPCLN063.png,0.9740789532661438,0.9494680166244507
JPCLN064.png,..\..\DL Methods\DeepLabV3+\Normalized Data\jsrt\cxr\JPCLN064.png,..\..\DL Methods\DeepLabV3+\Normalized Data\jsrt\masks\JPCLN064.png,0.9730914831161499,0.9475934505462646
JPCLN065.png,..\..\DL Methods\DeepLabV3+\Normalized Data\jsrt\cxr\JPCLN065.png,..\..\DL Methods\DeepLabV3+\Normalized Data\jsrt\masks\JPCLN065.png,0.9555748105049133,0.9149295091629028
JPCLN066.png,..\..\DL Methods\DeepLabV3+\Normalized Data\jsrt\cxr\JPCLN066.png,..\..\DL Methods\DeepLabV3+\Normalized Data\jsrt\masks\JPCLN066.png,0.9773532152175903,0.95570969581604
JPCLN067.png,..\..\DL Methods\DeepLabV3+\Normalized Data\jsrt\cxr\JPCLN067.png,..\..\DL Methods\DeepLabV3+\Normalized Data\jsrt\masks\JPCLN067.png,0.972711443901062,0.946873128414154
JPCLN068.png,..\..\DL Methods\DeepLabV3+\Normalized Data\jsrt\cxr\JPCLN068.png,..\..\DL Methods\DeepLabV3+\Normalized Data\jsrt\masks\JPCLN068.png,0.983436107635498,0.9674122333526611
JPCLN069.png,..\..\DL Methods\DeepLabV3+\Normalized Data\jsrt\cxr\JPCLN069.png,..\..\DL Methods\DeepLabV3+\Normalized Data\jsrt\masks\JPCLN069.png,0.967120349407196,0.9363344311714172
JPCLN070.png,..\..\DL Methods\DeepLabV3+\Normalized Data\jsrt\cxr\JPCLN070.png,..\..\DL Methods\DeepLabV3+\Normalized Data\jsrt\masks\JPCLN070.png,0.963657021522522,0.929863452911377
JPCLN071.png,..\..\DL Methods\DeepLabV3+\Normalized Data\jsrt\cxr\JPCLN071.png,..\..\DL Methods\DeepLabV3+\Normalized Data\jsrt\masks\JPCLN071.png,0.9756379127502441,0.9524350166320801
JPCLN072.png,..\..\DL Methods\DeepLabV3+\Normalized Data\jsrt\cxr\JPCLN072.png,..\..\DL Methods\DeepLabV3+\Normalized Data\jsrt\masks\JPCLN072.png,0.9758185148239136,0.952779233455658
JPCLN073.png,..\..\DL Methods\DeepLabV3+\Normalized Data\jsrt\cxr\JPCLN073.png,..\..\DL Methods\DeepLabV3+\Normalized Data\jsrt\masks\JPCLN073.png,0.9804527759552002,0.96165531873703
JPCLN074.png,..\..\DL Methods\DeepLabV3+\Normalized Data\jsrt\cxr\JPCLN074.png,..\..\DL Methods\DeepLabV3+\Normalized Data\jsrt\masks\JPCLN074.png,0.9748848676681519,0.9510006904602051
JPCLN075.png,..\..\DL Methods\DeepLabV3+\Normalized Data\jsrt\cxr\JPCLN075.png,..\..\DL Methods\DeepLabV3+\Normalized Data\jsrt\masks\JPCLN075.png,0.9683948755264282,0.9387266635894775
JPCLN076.png,..\..\DL Methods\DeepLabV3+\Normalized Data\jsrt\cxr\JPCLN076.png,..\..\DL Methods\DeepLabV3+\Normalized Data\jsrt\masks\JPCLN076.png,0.9716065526008606,0.9447812438011169
JPCLN077.png,..\..\DL Methods\DeepLabV3+\Normalized Data\jsrt\cxr\JPCLN077.png,..\..\DL Methods\DeepLabV3+\Normalized Data\jsrt\masks\JPCLN077.png,0.9774963855743408,0.9559835195541382
JPCLN078.png,..\..\DL Methods\DeepLabV3+\Normalized Data\jsrt\cxr\JPCLN078.png,..\..\DL Methods\DeepLabV3+\Normalized Data\jsrt\masks\JPCLN078.png,0.9718945622444153,0.945326030254364
JPCLN079.png,..\..\DL Methods\DeepLabV3+\Normalized Data\jsrt\cxr\JPCLN079.png,..\..\DL Methods\DeepLabV3+\Normalized Data\jsrt\masks\JPCLN079.png,0.9779863953590393,0.956921398639679
JPCLN080.png,..\..\DL Methods\DeepLabV3+\Normalized Data\jsrt\cxr\JPCLN080.png,..\..\DL Methods\DeepLabV3+\Normalized Data\jsrt\masks\JPCLN080.png,0.9768102765083313,0.9546720385551453
JPCLN081.png,..\..\DL Methods\DeepLabV3+\Normalized Data\jsrt\cxr\JPCLN081.png,..\..\DL Methods\DeepLabV3+\Normalized Data\jsrt\masks\JPCLN081.png,0.9732160568237305,0.9478298425674438
JPCLN082.png,..\..\DL Methods\DeepLabV3+\Normalized Data\jsrt\cxr\JPCLN082.png,..\..\DL Methods\DeepLabV3+\Normalized Data\jsrt\masks\JPCLN082.png,0.9738744497299194,0.9490795731544495
JPCLN083.png,..\..\DL Methods\DeepLabV3+\Normalized Data\jsrt\cxr\JPCLN083.png,..\..\DL Methods\DeepLabV3+\Normalized Data\jsrt\masks\JPCLN083.png,0.980129063129425,0.9610326290130615
JPCLN084.png,..\..\DL Methods\DeepLabV3+\Normalized Data\jsrt\cxr\JPCLN084.png,..\..\DL Methods\DeepLabV3+\Normalized Data\jsrt\masks\JPCLN084.png,0.9753825068473816,0.9519482851028442
JPCLN085.png,..\..\DL Methods\DeepLabV3+\Normalized Data\jsrt\cxr\JPCLN085.png,..\..\DL Methods\DeepLabV3+\Normalized Data\jsrt\masks\JPCLN085.png,0.9636444449424744,0.9298401474952698
JPCLN086.png,..\..\DL Methods\DeepLabV3+\Normalized Data\jsrt\cxr\JPCLN086.png,..\..\DL Methods\DeepLabV3+\Normalized Data\jsrt\masks\JPCLN086.png,0.9746451377868652,0.9505444765090942
JPCLN087.png,..\..\DL Methods\DeepLabV3+\Normalized Data\jsrt\cxr\JPCLN087.png,..\..\DL Methods\DeepLabV3+\Normalized Data\jsrt\masks\JPCLN087.png,0.9765401482582092,0.9541560411453247
JPCLN088.png,..\..\DL Methods\DeepLabV3+\Normalized Data\jsrt\cxr\JPCLN088.png,..\..\DL Methods\DeepLabV3+\Normalized Data\jsrt\masks\JPCLN088.png,0.9788148403167725,0.9585089087486267
JPCLN089.png,..\..\DL Methods\DeepLabV3+\Normalized Data\jsrt\cxr\JPCLN089.png,..\..\DL Methods\DeepLabV3+\Normalized Data\jsrt\masks\JPCLN089.png,0.9769307374954224,0.9549020528793335
JPCLN090.png,..\..\DL Methods\DeepLabV3+\Normalized Data\jsrt\cxr\JPCLN090.png,..\..\DL Methods\DeepLabV3+\Normalized Data\jsrt\masks\JPCLN090.png,0.9711725115776062,0.9439608454704285
JPCLN091.png,..\..\DL Methods\DeepLabV3+\Normalized Data\jsrt\cxr\JPCLN091.png,..\..\DL Methods\DeepLabV3+\Normalized Data\jsrt\masks\JPCLN091.png,0.9729235768318176,0.9472750425338745
JPCLN092.png,..\..\DL Methods\DeepLabV3+\Normalized Data\jsrt\cxr\JPCLN092.png,..\..\DL Methods\DeepLabV3+\Normalized Data\jsrt\masks\JPCLN092.png,0.9771003127098083,0.9552261829376221
JPCLN093.png,..\..\DL Methods\DeepLabV3+\Normalized Data\jsrt\cxr\JPCLN093.png,..\..\DL Methods\DeepLabV3+\Normalized Data\jsrt\masks\JPCLN093.png,0.9720200300216675,0.9455634951591492
JPCLN094.png,..\..\DL Methods\DeepLabV3+\Normalized Data\jsrt\cxr\JPCLN094.png,..\..\DL Methods\DeepLabV3+\Normalized Data\jsrt\masks\JPCLN094.png,0.9783098101615906,0.9575408697128296
JPCLN095.png,..\..\DL Methods\DeepLabV3+\Normalized Data\jsrt\cxr\JPCLN095.png,..\..\DL Methods\DeepLabV3+\Normalized Data\jsrt\masks\JPCLN095.png,0.9677466750144958,0.9375095367431641
JPCLN096.png,..\..\DL Methods\DeepLabV3+\Normalized Data\jsrt\cxr\JPCLN096.png,..\..\DL Methods\DeepLabV3+\Normalized Data\jsrt\masks\JPCLN096.png,0.9748978614807129,0.9510254263877869
JPCLN097.png,..\..\DL Methods\DeepLabV3+\Normalized Data\jsrt\cxr\JPCLN097.png,..\..\DL Methods\DeepLabV3+\Normalized Data\jsrt\masks\JPCLN097.png,0.9706051349639893,0.9428893327713013
JPCLN098.png,..\..\DL Methods\DeepLabV3+\Normalized Data\jsrt\cxr\JPCLN098.png,..\..\DL Methods\DeepLabV3+\Normalized Data\jsrt\masks\JPCLN098.png,0.9788817167282104,0.9586371183395386
JPCLN099.png,..\..\DL Methods\DeepLabV3+\Normalized Data\jsrt\cxr\JPCLN099.png,..\..\DL Methods\DeepLabV3+\Normalized Data\jsrt\masks\JPCLN099.png,0.9755544662475586,0.9522759914398193
JPCLN100.png,..\..\DL Methods\DeepLabV3+\Normalized Data\jsrt\cxr\JPCLN100.png,..\..\DL Methods\DeepLabV3+\Normalized Data\jsrt\masks\JPCLN100.png,0.9665655493736267,0.9352949261665344
JPCLN101.png,..\..\DL Methods\DeepLabV3+\Normalized Data\jsrt\cxr\JPCLN101.png,..\..\DL Methods\DeepLabV3+\Normalized Data\jsrt\masks\JPCLN101.png,0.9816614389419556,0.9639835357666016
JPCLN102.png,..\..\DL Methods\DeepLabV3+\Normalized Data\jsrt\cxr\JPCLN102.png,..\..\DL Methods\DeepLabV3+\Normalized Data\jsrt\masks\JPCLN102.png,0.9780649542808533,0.9570717215538025
JPCLN103.png,..\..\DL Methods\DeepLabV3+\Normalized Data\jsrt\cxr\JPCLN103.png,..\..\DL Methods\DeepLabV3+\Normalized Data\jsrt\masks\JPCLN103.png,0.9780238270759583,0.9569929838180542
JPCLN104.png,..\..\DL Methods\DeepLabV3+\Normalized Data\jsrt\cxr\JPCLN104.png,..\..\DL Methods\DeepLabV3+\Normalized Data\jsrt\masks\JPCLN104.png,0.9755995273590088,0.9523617029190063
JPCLN105.png,..\..\DL Methods\DeepLabV3+\Normalized Data\jsrt\cxr\JPCLN105.png,..\..\DL Methods\DeepLabV3+\Normalized Data\jsrt\masks\JPCLN105.png,0.9762651324272156,0.9536311626434326
JPCLN106.png,..\..\DL Methods\DeepLabV3+\Normalized Data\jsrt\cxr\JPCLN106.png,..\..\DL Methods\DeepLabV3+\Normalized Data\jsrt\masks\JPCLN106.png,0.9790329933166504,0.9589273929595947
JPCLN107.png,..\..\DL Methods\DeepLabV3+\Normalized Data\jsrt\cxr\JPCLN107.png,..\..\DL Methods\DeepLabV3+\Normalized Data\jsrt\masks\JPCLN107.png,0.9828943610191345,0.9663642048835754
JPCLN108.png,..\..\DL Methods\DeepLabV3+\Normalized Data\jsrt\cxr\JPCLN108.png,..\..\DL Methods\DeepLabV3+\Normalized Data\jsrt\masks\JPCLN108.png,0.9746144413948059,0.9504861831665039
JPCLN109.png,..\..\DL Methods\DeepLabV3+\Normalized Data\jsrt\cxr\JPCLN109.png,..\..\DL Methods\DeepLabV3+\Normalized Data\jsrt\masks\JPCLN109.png,0.9697912335395813,0.9413543939590454
JPCLN110.png,..\..\DL Methods\DeepLabV3+\Normalized Data\jsrt\cxr\JPCLN110.png,..\..\DL Methods\DeepLabV3+\Normalized Data\jsrt\masks\JPCLN110.png,0.9763506650924683,0.9537943005561829
JPCLN111.png,..\..\DL Methods\DeepLabV3+\Normalized Data\jsrt\cxr\JPCLN111.png,..\..\DL Methods\DeepLabV3+\Normalized Data\jsrt\masks\JPCLN111.png,0.975107729434967,0.951424777507782
JPCLN112.png,..\..\DL Methods\DeepLabV3+\Normalized Data\jsrt\cxr\JPCLN112.png,..\..\DL Methods\DeepLabV3+\Normalized Data\jsrt\masks\JPCLN112.png,0.9708662629127502,0.9433823227882385
JPCLN113.png,..\..\DL Methods\DeepLabV3+\Normalized Data\jsrt\cxr\JPCLN113.png,..\..\DL Methods\DeepLabV3+\Normalized Data\jsrt\masks\JPCLN113.png,0.9735487103462219,0.9484609961509705
JPCLN114.png,..\..\DL Methods\DeepLabV3+\Normalized Data\jsrt\cxr\JPCLN114.png,..\..\DL Methods\DeepLabV3+\Normalized Data\jsrt\masks\JPCLN114.png,0.9713759422302246,0.9443453550338745
JPCLN115.png,..\..\DL Methods\DeepLabV3+\Normalized Data\jsrt\cxr\JPCLN115.png,..\..\DL Methods\DeepLabV3+\Normalized Data\jsrt\masks\JPCLN115.png,0.981646716594696,0.9639551043510437
JPCLN116.png,..\..\DL Methods\DeepLabV3+\Normalized Data\jsrt\cxr\JPCLN116.png,..\..\DL Methods\DeepLabV3+\Normalized Data\jsrt\masks\JPCLN116.png,0.9739259481430054,0.9491774439811707
JPCLN117.png,..\..\DL Methods\DeepLabV3+\Normalized Data\jsrt\cxr\JPCLN117.png,..\..\DL Methods\DeepLabV3+\Normalized Data\jsrt\masks\JPCLN117.png,0.978335440158844,0.9575899839401245
JPCLN118.png,..\..\DL Methods\DeepLabV3+\Normalized Data\jsrt\cxr\JPCLN118.png,..\..\DL Methods\DeepLabV3+\Normalized Data\jsrt\masks\JPCLN118.png,0.9580546617507935,0.919486939907074
JPCLN119.png,..\..\DL Methods\DeepLabV3+\Normalized Data\jsrt\cxr\JPCLN119.png,..\..\DL Methods\DeepLabV3+\Normalized Data\jsrt\masks\JPCLN119.png,0.9735770225524902,0.9485149383544922
JPCLN120.png,..\..\DL Methods\DeepLabV3+\Normalized Data\jsrt\cxr\JPCLN120.png,..\..\DL Methods\DeepLabV3+\Normalized Data\jsrt\masks\JPCLN120.png,0.9791322946548462,0.9591179490089417
JPCLN121.png,..\..\DL Methods\DeepLabV3+\Normalized Data\jsrt\cxr\JPCLN121.png,..\..\DL Methods\DeepLabV3+\Normalized Data\jsrt\masks\JPCLN121.png,0.9659761786460876,0.9341918230056763
JPCLN122.png,..\..\DL Methods\DeepLabV3+\Normalized Data\jsrt\cxr\JPCLN122.png,..\..\DL Methods\DeepLabV3+\Normalized Data\jsrt\masks\JPCLN122.png,0.9811596274375916,0.9630162715911865
JPCLN123.png,..\..\DL Methods\DeepLabV3+\Normalized Data\jsrt\cxr\JPCLN123.png,..\..\DL Methods\DeepLabV3+\Normalized Data\jsrt\masks\JPCLN123.png,0.9710726141929626,0.9437721967697144
JPCLN124.png,..\..\DL Methods\DeepLabV3+\Normalized Data\jsrt\cxr\JPCLN124.png,..\..\DL Methods\DeepLabV3+\Normalized Data\jsrt\masks\JPCLN124.png,0.9779356718063354,0.9568243026733398
JPCLN125.png,..\..\DL Methods\DeepLabV3+\Normalized Data\jsrt\cxr\JPCLN125.png,..\..\DL Methods\DeepLabV3+\Normalized Data\jsrt\masks\JPCLN125.png,0.9763365983963013,0.9537674784660339
JPCLN126.png,..\..\DL Methods\DeepLabV3+\Normalized Data\jsrt\cxr\JPCLN126.png,..\..\DL Methods\DeepLabV3+\Normalized Data\jsrt\masks\JPCLN126.png,0.975207507610321,0.9516148567199707
JPCLN127.png,..\..\DL Methods\DeepLabV3+\Normalized Data\jsrt\cxr\JPCLN127.png,..\..\DL Methods\DeepLabV3+\Normalized Data\jsrt\masks\JPCLN127.png,0.9683059453964233,0.9385597109794617
JPCLN128.png,..\..\DL Methods\DeepLabV3+\Normalized Data\jsrt\cxr\JPCLN128.png,..\..\DL Methods\DeepLabV3+\Normalized Data\jsrt\masks\JPCLN128.png,0.9795018434524536,0.9598274230957031
JPCLN129.png,..\..\DL Methods\DeepLabV3+\Normalized Data\jsrt\cxr\JPCLN129.png,..\..\DL Methods\DeepLabV3+\Normalized Data\jsrt\masks\JPCLN129.png,0.9731329679489136,0.9476720690727234
JPCLN130.png,..\..\DL Methods\DeepLabV3+\Normalized Data\jsrt\cxr\JPCLN130.png,..\..\DL Methods\DeepLabV3+\Normalized Data\jsrt\masks\JPCLN130.png,0.9722065925598145,0.9459167122840881
JPCLN131.png,..\..\DL Methods\DeepLabV3+\Normalized Data\jsrt\cxr\JPCLN131.png,..\..\DL Methods\DeepLabV3+\Normalized Data\jsrt\masks\JPCLN131.png,0.9597253203392029,0.9225698113441467
JPCLN132.png,..\..\DL Methods\DeepLabV3+\Normalized Data\jsrt\cxr\JPCLN132.png,..\..\DL Methods\DeepLabV3+\Normalized Data\jsrt\masks\JPCLN132.png,0.969438910484314,0.9406907558441162
JPCLN133.png,..\..\DL Methods\DeepLabV3+\Normalized Data\jsrt\cxr\JPCLN133.png,..\..\DL Methods\DeepLabV3+\Normalized Data\jsrt\masks\JPCLN133.png,0.9605740308761597,0.9241393804550171
JPCLN134.png,..\..\DL Methods\DeepLabV3+\Normalized Data\jsrt\cxr\JPCLN134.png,..\..\DL Methods\DeepLabV3+\Normalized Data\jsrt\masks\JPCLN134.png,0.9695584177970886,0.9409158825874329
JPCLN135.png,..\..\DL Methods\DeepLabV3+\Normalized Data\jsrt\cxr\JPCLN135.png,..\..\DL Methods\DeepLabV3+\Normalized Data\jsrt\masks\JPCLN135.png,0.9784720540046692,0.957851767539978
JPCLN136.png,..\..\DL Methods\DeepLabV3+\Normalized Data\jsrt\cxr\JPCLN136.png,..\..\DL Methods\DeepLabV3+\Normalized Data\jsrt\masks\JPCLN136.png,0.973887026309967,0.9491034746170044
JPCLN137.png,..\..\DL Methods\DeepLabV3+\Normalized Data\jsrt\cxr\JPCLN137.png,..\..\DL Methods\DeepLabV3+\Normalized Data\jsrt\masks\JPCLN137.png,0.9488097429275513,0.9026060700416565
JPCLN138.png,..\..\DL Methods\DeepLabV3+\Normalized Data\jsrt\cxr\JPCLN138.png,..\..\DL Methods\DeepLabV3+\Normalized Data\jsrt\masks\JPCLN138.png,0.9761996865272522,0.9535062909126282
JPCLN139.png,..\..\DL Methods\DeepLabV3+\Normalized Data\jsrt\cxr\JPCLN139.png,..\..\DL Methods\DeepLabV3+\Normalized Data\jsrt\masks\JPCLN139.png,0.9727532863616943,0.946952223777771
JPCLN140.png,..\..\DL Methods\DeepLabV3+\Normalized Data\jsrt\cxr\JPCLN140.png,..\..\DL Methods\DeepLabV3+\Normalized Data\jsrt\masks\JPCLN140.png,0.9742208123207092,0.9497376084327698
JPCLN141.png,..\..\DL Methods\DeepLabV3+\Normalized Data\jsrt\cxr\JPCLN141.png,..\..\DL Methods\DeepLabV3+\Normalized Data\jsrt\masks\JPCLN141.png,0.9726323485374451,0.9467231035232544
JPCLN142.png,..\..\DL Methods\DeepLabV3+\Normalized Data\jsrt\cxr\JPCLN142.png,..\..\DL Methods\DeepLabV3+\Normalized Data\jsrt\masks\JPCLN142.png,0.9751687049865723,0.951541006565094
JPCLN143.png,..\..\DL Methods\DeepLabV3+\Normalized Data\jsrt\cxr\JPCLN143.png,..\..\DL Methods\DeepLabV3+\Normalized Data\jsrt\masks\JPCLN143.png,0.9817227721214294,0.9641019105911255
JPCLN144.png,..\..\DL Methods\DeepLabV3+\Normalized Data\jsrt\cxr\JPCLN144.png,..\..\DL Methods\DeepLabV3+\Normalized Data\jsrt\masks\JPCLN144.png,0.9708008766174316,0.9432588815689087
JPCLN145.png,..\..\DL Methods\DeepLabV3+\Normalized Data\jsrt\cxr\JPCLN145.png,..\..\DL Methods\DeepLabV3+\Normalized Data\jsrt\masks\JPCLN145.png,0.9795634746551514,0.959945797920227
JPCLN146.png,..\..\DL Methods\DeepLabV3+\Normalized Data\jsrt\cxr\JPCLN146.png,..\..\DL Methods\DeepLabV3+\Normalized Data\jsrt\masks\JPCLN146.png,0.9772482514381409,0.9555089473724365
JPCLN147.png,..\..\DL Methods\DeepLabV3+\Normalized Data\jsrt\cxr\JPCLN147.png,..\..\DL Methods\DeepLabV3+\Normalized Data\jsrt\masks\JPCLN147.png,0.9756788015365601,0.9525128602981567
JPCLN148.png,..\..\DL Methods\DeepLabV3+\Normalized Data\jsrt\cxr\JPCLN148.png,..\..\DL Methods\DeepLabV3+\Normalized Data\jsrt\masks\JPCLN148.png,0.9722399115562439,0.9459797739982605
JPCLN149.png,..\..\DL Methods\DeepLabV3+\Normalized Data\jsrt\cxr\JPCLN149.png,..\..\DL Methods\DeepLabV3+\Normalized Data\jsrt\masks\JPCLN149.png,0.9736273884773254,0.9486104249954224
JPCLN150.png,..\..\DL Methods\DeepLabV3+\Normalized Data\jsrt\cxr\JPCLN150.png,..\..\DL Methods\DeepLabV3+\Normalized Data\jsrt\masks\JPCLN150.png,0.9734674692153931,0.9483067989349365
JPCLN151.png,..\..\DL Methods\DeepLabV3+\Normalized Data\jsrt\cxr\JPCLN151.png,..\..\DL Methods\DeepLabV3+\Normalized Data\jsrt\masks\JPCLN151.png,0.9774549603462219,0.9559043645858765
JPCLN152.png,..\..\DL Methods\DeepLabV3+\Normalized Data\jsrt\cxr\JPCLN152.png,..\..\DL Methods\DeepLabV3+\Normalized Data\jsrt\masks\JPCLN152.png,0.9782273769378662,0.95738285779953
JPCLN153.png,..\..\DL Methods\DeepLabV3+\Normalized Data\jsrt\cxr\JPCLN153.png,..\..\DL Methods\DeepLabV3+\Normalized Data\jsrt\masks\JPCLN153.png,0.9722470045089722,0.9459931254386902
JPCLN154.png,..\..\DL Methods\DeepLabV3+\Normalized Data\jsrt\cxr\JPCLN154.png,..\..\DL Methods\DeepLabV3+\Normalized Data\jsrt\masks\JPCLN154.png,0.9636313319206238,0.9298157095909119
JPCNN001.png,..\..\DL Methods\DeepLabV3+\Normalized Data\jsrt\cxr\JPCNN001.png,..\..\DL Methods\DeepLabV3+\Normalized Data\jsrt\masks\JPCNN001.png,0.9791244864463806,0.9591029286384583
JPCNN002.png,..\..\DL Methods\DeepLabV3+\Normalized Data\jsrt\cxr\JPCNN002.png,..\..\DL Methods\DeepLabV3+\Normalized Data\jsrt\masks\JPCNN002.png,0.9773455858230591,0.9556950926780701
JPCNN003.png,..\..\DL Methods\DeepLabV3+\Normalized Data\jsrt\cxr\JPCNN003.png,..\..\DL Methods\DeepLabV3+\Normalized Data\jsrt\masks\JPCNN003.png,0.9630905985832214,0.9288093447685242
JPCNN004.png,..\..\DL Methods\DeepLabV3+\Normalized Data\jsrt\cxr\JPCNN004.png,..\..\DL Methods\DeepLabV3+\Normalized Data\jsrt\masks\JPCNN004.png,0.9734497666358948,0.9482733011245728
JPCNN005.png,..\..\DL Methods\DeepLabV3+\Normalized Data\jsrt\cxr\JPCNN005.png,..\..\DL Methods\DeepLabV3+\Normalized Data\jsrt\masks\JPCNN005.png,0.9798793792724609,0.9605526924133301
JPCNN006.png,..\..\DL Methods\DeepLabV3+\Normalized Data\jsrt\cxr\JPCNN006.png,..\..\DL Methods\DeepLabV3+\Normalized Data\jsrt\masks\JPCNN006.png,0.9774255752563477,0.9558480978012085
JPCNN007.png,..\..\DL Methods\DeepLabV3+\Normalized Data\jsrt\cxr\JPCNN007.png,..\..\DL Methods\DeepLabV3+\Normalized Data\jsrt\masks\JPCNN007.png,0.9143394827842712,0.842197597026825
JPCNN008.png,..\..\DL Methods\DeepLabV3+\Normalized Data\jsrt\cxr\JPCNN008.png,..\..\DL Methods\DeepLabV3+\Normalized Data\jsrt\masks\JPCNN008.png,0.978431761264801,0.9577745199203491
JPCNN009.png,..\..\DL Methods\DeepLabV3+\Normalized Data\jsrt\cxr\JPCNN009.png,..\..\DL Methods\DeepLabV3+\Normalized Data\jsrt\masks\JPCNN009.png,0.9773440361022949,0.9556921720504761
JPCNN010.png,..\..\DL Methods\DeepLabV3+\Normalized Data\jsrt\cxr\JPCNN010.png,..\..\DL Methods\DeepLabV3+\Normalized Data\jsrt\masks\JPCNN010.png,0.9745169281959534,0.9503005743026733
JPCNN011.png,..\..\DL Methods\DeepLabV3+\Normalized Data\jsrt\cxr\JPCNN011.png,..\..\DL Methods\DeepLabV3+\Normalized Data\jsrt\masks\JPCNN011.png,0.9737484455108643,0.9488402605056763
JPCNN012.png,..\..\DL Methods\DeepLabV3+\Normalized Data\jsrt\cxr\JPCNN012.png,..\..\DL Methods\DeepLabV3+\Normalized Data\jsrt\masks\JPCNN012.png,0.9789296388626099,0.9587291479110718
JPCNN013.png,..\..\DL Methods\DeepLabV3+\Normalized Data\jsrt\cxr\JPCNN013.png,..\..\DL Methods\DeepLabV3+\Normalized Data\jsrt\masks\JPCNN013.png,0.9765920639038086,0.9542551636695862
JPCNN014.png,..\..\DL Methods\DeepLabV3+\Normalized Data\jsrt\cxr\JPCNN014.png,..\..\DL Methods\DeepLabV3+\Normalized Data\jsrt\masks\JPCNN014.png,0.9734506607055664,0.9482749700546265
JPCNN015.png,..\..\DL Methods\DeepLabV3+\Normalized Data\jsrt\cxr\JPCNN015.png,..\..\DL Methods\DeepLabV3+\Normalized Data\jsrt\masks\JPCNN015.png,0.9764864444732666,0.9540535807609558
JPCNN016.png,..\..\DL Methods\DeepLabV3+\Normalized Data\jsrt\cxr\JPCNN016.png,..\..\DL Methods\DeepLabV3+\Normalized Data\jsrt\masks\JPCNN016.png,0.9791660904884338,0.9591827988624573
JPCNN017.png,..\..\DL Methods\DeepLabV3+\Normalized Data\jsrt\cxr\JPCNN017.png,..\..\DL Methods\DeepLabV3+\Normalized Data\jsrt\masks\JPCNN017.png,0.9722331762313843,0.9459670782089233
JPCNN018.png,..\..\DL Methods\DeepLabV3+\Normalized Data\jsrt\cxr\JPCNN018.png,..\..\DL Methods\DeepLabV3+\Normalized Data\jsrt\masks\JPCNN018.png,0.9747695326805115,0.9507811665534973
JPCNN019.png,..\..\DL Methods\DeepLabV3+\Normalized Data\jsrt\cxr\JPCNN019.png,..\..\DL Methods\DeepLabV3+\Normalized Data\jsrt\masks\JPCNN019.png,0.9736419916152954,0.9486382007598877
JPCNN020.png,..\..\DL Methods\DeepLabV3+\Normalized Data\jsrt\cxr\JPCNN020.png,..\..\DL Methods\DeepLabV3+\Normalized Data\jsrt\masks\JPCNN020.png,0.9757688641548157,0.9526844024658203
JPCNN021.png,..\..\DL Methods\DeepLabV3+\Normalized Data\jsrt\cxr\JPCNN021.png,..\..\DL Methods\DeepLabV3+\Normalized Data\jsrt\masks\JPCNN021.png,0.972202479839325,0.9459089636802673
JPCNN022.png,..\..\DL Methods\DeepLabV3+\Normalized Data\jsrt\cxr\JPCNN022.png,..\..\DL Methods\DeepLabV3+\Normalized Data\jsrt\masks\JPCNN022.png,0.978057324886322,0.9570571780204773
JPCNN023.png,..\..\DL Methods\DeepLabV3+\Normalized Data\jsrt\cxr\JPCNN023.png,..\..\DL Methods\DeepLabV3+\Normalized Data\jsrt\masks\JPCNN023.png,0.9690823554992676,0.940019428730011
JPCNN024.png,..\..\DL Methods\DeepLabV3+\Normalized Data\jsrt\cxr\JPCNN024.png,..\..\DL Methods\DeepLabV3+\Normalized Data\jsrt\masks\JPCNN024.png,0.9714807868003845,0.9445436596870422
JPCNN025.png,..\..\DL Methods\DeepLabV3+\Normalized Data\jsrt\cxr\JPCNN025.png,..\..\DL Methods\DeepLabV3+\Normalized Data\jsrt\masks\JPCNN025.png,0.9712210297584534,0.9440524578094482
JPCNN026.png,..\..\DL Methods\DeepLabV3+\Normalized Data\jsrt\cxr\JPCNN026.png,..\..\DL Methods\DeepLabV3+\Normalized Data\jsrt\masks\JPCNN026.png,0.9683623909950256,0.9386656284332275
JPCNN027.png,..\..\DL Methods\DeepLabV3+\Normalized Data\jsrt\cxr\JPCNN027.png,..\..\DL Methods\DeepLabV3+\Normalized Data\jsrt\masks\JPCNN027.png,0.970940351486206,0.9435223937034607
JPCNN028.png,..\..\DL Methods\DeepLabV3+\Normalized Data\jsrt\cxr\JPCNN028.png,..\..\DL Methods\DeepLabV3+\Normalized Data\jsrt\masks\JPCNN028.png,0.9681512117385864,0.9382688403129578
JPCNN029.png,..\..\DL Methods\DeepLabV3+\Normalized Data\jsrt\cxr\JPCNN029.png,..\..\DL Methods\DeepLabV3+\Normalized Data\jsrt\masks\JPCNN029.png,0.9737098217010498,0.9487670063972473
JPCNN030.png,..\..\DL Methods\DeepLabV3+\Normalized Data\jsrt\cxr\JPCNN030.png,..\..\DL Methods\DeepLabV3+\Normalized Data\jsrt\masks\JPCNN030.png,0.9789549708366394,0.9587777256965637
JPCNN031.png,..\..\DL Methods\DeepLabV3+\Normalized Data\jsrt\cxr\JPCNN031.png,..\..\DL Methods\DeepLabV3+\Normalized Data\jsrt\masks\JPCNN031.png,0.9722643494606018,0.9460260272026062
JPCNN032.png,..\..\DL Methods\DeepLabV3+\Normalized Data\jsrt\cxr\JPCNN032.png,..\..\DL Methods\DeepLabV3+\Normalized Data\jsrt\masks\JPCNN032.png,0.9779340028762817,0.9568210244178772
JPCNN033.png,..\..\DL Methods\DeepLabV3+\Normalized Data\jsrt\cxr\JPCNN033.png,..\..\DL Methods\DeepLabV3+\Normalized Data\jsrt\masks\JPCNN033.png,0.9775055646896362,0.9560011029243469
JPCNN034.png,..\..\DL Methods\DeepLabV3+\Normalized Data\jsrt\cxr\JPCNN034.png,..\..\DL Methods\DeepLabV3+\Normalized Data\jsrt\masks\JPCNN034.png,0.9757483601570129,0.9526454210281372
JPCNN035.png,..\..\DL Methods\DeepLabV3+\Normalized Data\jsrt\cxr\JPCNN035.png,..\..\DL Methods\DeepLabV3+\Normalized Data\jsrt\masks\JPCNN035.png,0.9709473252296448,0.9435354471206665
JPCNN036.png,..\..\DL Methods\DeepLabV3+\Normalized Data\jsrt\cxr\JPCNN036.png,..\..\DL Methods\DeepLabV3+\Normalized Data\jsrt\masks\JPCNN036.png,0.9756129384040833,0.9523873329162598
JPCNN037.png,..\..\DL Methods\DeepLabV3+\Normalized Data\jsrt\cxr\JPCNN037.png,..\..\DL Methods\DeepLabV3+\Normalized Data\jsrt\masks\JPCNN037.png,0.9734470248222351,0.9482680559158325
JPCNN038.png,..\..\DL Methods\DeepLabV3+\Normalized Data\jsrt\cxr\JPCNN038.png,..\..\DL Methods\DeepLabV3+\Normalized Data\jsrt\masks\JPCNN038.png,0.974402129650116,0.9500822424888611
JPCNN039.png,..\..\DL Methods\DeepLabV3+\Normalized Data\jsrt\cxr\JPCNN039.png,..\..\DL Methods\DeepLabV3+\Normalized Data\jsrt\masks\JPCNN039.png,0.9719553589820862,0.9454410672187805
JPCNN040.png,..\..\DL Methods\DeepLabV3+\Normalized Data\jsrt\cxr\JPCNN040.png,..\..\DL Methods\DeepLabV3+\Normalized Data\jsrt\masks\JPCNN040.png,0.9736638069152832,0.948679506778717
JPCNN041.png,..\..\DL Methods\DeepLabV3+\Normalized Data\jsrt\cxr\JPCNN041.png,..\..\DL Methods\DeepLabV3+\Normalized Data\jsrt\masks\JPCNN041.png,0.9680970907211304,0.938167154788971
JPCNN042.png,..\..\DL Methods\DeepLabV3+\Normalized Data\jsrt\cxr\JPCNN042.png,..\..\DL Methods\DeepLabV3+\Normalized Data\jsrt\masks\JPCNN042.png,0.9783197045326233,0.9575598239898682
JPCNN043.png,..\..\DL Methods\DeepLabV3+\Normalized Data\jsrt\cxr\JPCNN043.png,..\..\DL Methods\DeepLabV3+\Normalized Data\jsrt\masks\JPCNN043.png,0.9622743129730225,0.9272920489311218
JPCNN044.png,..\..\DL Methods\DeepLabV3+\Normalized Data\jsrt\cxr\JPCNN044.png,..\..\DL Methods\DeepLabV3+\Normalized Data\jsrt\masks\JPCNN044.png,0.9777669906616211,0.956501305103302
JPCNN045.png,..\..\DL Methods\DeepLabV3+\Normalized Data\jsrt\cxr\JPCNN045.png,..\..\DL Methods\DeepLabV3+\Normalized Data\jsrt\masks\JPCNN045.png,0.974983274936676,0.9511878490447998
JPCNN046.png,..\..\DL Methods\DeepLabV3+\Normalized Data\jsrt\cxr\JPCNN046.png,..\..\DL Methods\DeepLabV3+\Normalized Data\jsrt\masks\JPCNN046.png,0.9758405685424805,0.9528212547302246
JPCNN047.png,..\..\DL Methods\DeepLabV3+\Normalized Data\jsrt\cxr\JPCNN047.png,..\..\DL Methods\DeepLabV3+\Normalized Data\jsrt\masks\JPCNN047.png,0.9824005365371704,0.9654101133346558
JPCNN048.png,..\..\DL Methods\DeepLabV3+\Normalized Data\jsrt\cxr\JPCNN048.png,..\..\DL Methods\DeepLabV3+\Normalized Data\jsrt\masks\JPCNN048.png,0.9646417498588562,0.9316989183425903
JPCNN049.png,..\..\DL Methods\DeepLabV3+\Normalized Data\jsrt\cxr\JPCNN049.png,..\..\DL Methods\DeepLabV3+\Normalized Data\jsrt\masks\JPCNN049.png,0.9663267135620117,0.9348476529121399
JPCNN050.png,..\..\DL Methods\DeepLabV3+\Normalized Data\jsrt\cxr\JPCNN050.png,..\..\DL Methods\DeepLabV3+\Normalized Data\jsrt\masks\JPCNN050.png,0.9787692427635193,0.9584214687347412
JPCNN051.png,..\..\DL Methods\DeepLabV3+\Normalized Data\jsrt\cxr\JPCNN051.png,..\..\DL Methods\DeepLabV3+\Normalized Data\jsrt\masks\JPCNN051.png,0.9754966497421265,0.9521656632423401
JPCNN052.png,..\..\DL Methods\DeepLabV3+\Normalized Data\jsrt\cxr\JPCNN052.png,..\..\DL Methods\DeepLabV3+\Normalized Data\jsrt\masks\JPCNN052.png,0.9722610712051392,0.9460199475288391
JPCNN053.png,..\..\DL Methods\DeepLabV3+\Normalized Data\jsrt\cxr\JPCNN053.png,..\..\DL Methods\DeepLabV3+\Normalized Data\jsrt\masks\JPCNN053.png,0.9661704301834106,0.9345553517341614
JPCNN054.png,..\..\DL Methods\DeepLabV3+\Normalized Data\jsrt\cxr\JPCNN054.png,..\..\DL Methods\DeepLabV3+\Normalized Data\jsrt\masks\JPCNN054.png,0.9761892557144165,0.9534862637519836
JPCNN055.png,..\..\DL Methods\DeepLabV3+\Normalized Data\jsrt\cxr\JPCNN055.png,..\..\DL Methods\DeepLabV3+\Normalized Data\jsrt\masks\JPCNN055.png,0.9728409051895142,0.9471182823181152
JPCNN056.png,..\..\DL Methods\DeepLabV3+\Normalized Data\jsrt\cxr\JPCNN056.png,..\..\DL Methods\DeepLabV3+\Normalized Data\jsrt\masks\JPCNN056.png,0.9726202487945557,0.9467001557350159
JPCNN057.png,..\..\DL Methods\DeepLabV3+\Normalized Data\jsrt\cxr\JPCNN057.png,..\..\DL Methods\DeepLabV3+\Normalized Data\jsrt\masks\JPCNN057.png,0.9551196694374084,0.9140952229499817
JPCNN058.png,..\..\DL Methods\DeepLabV3+\Normalized Data\jsrt\cxr\JPCNN058.png,..\..\DL Methods\DeepLabV3+\Normalized Data\jsrt\masks\JPCNN058.png,0.975007951259613,0.9512349367141724
JPCNN059.png,..\..\DL Methods\DeepLabV3+\Normalized Data\jsrt\cxr\JPCNN059.png,..\..\DL Methods\DeepLabV3+\Normalized Data\jsrt\masks\JPCNN059.png,0.9754671454429626,0.9521095156669617
JPCNN060.png,..\..\DL Methods\DeepLabV3+\Normalized Data\jsrt\cxr\JPCNN060.png,..\..\DL Methods\DeepLabV3+\Normalized Data\jsrt\masks\JPCNN060.png,0.9778465032577515,0.9566535949707031
JPCNN061.png,..\..\DL Methods\DeepLabV3+\Normalized Data\jsrt\cxr\JPCNN061.png,..\..\DL Methods\DeepLabV3+\Normalized Data\jsrt\masks\JPCNN061.png,0.9732344150543213,0.9478645324707031
JPCNN062.png,..\..\DL Methods\DeepLabV3+\Normalized Data\jsrt\cxr\JPCNN062.png,..\..\DL Methods\DeepLabV3+\Normalized Data\jsrt\masks\JPCNN062.png,0.9689295291900635,0.9397321939468384
JPCNN063.png,..\..\DL Methods\DeepLabV3+\Normalized Data\jsrt\cxr\JPCNN063.png,..\..\DL Methods\DeepLabV3+\Normalized Data\jsrt\masks\JPCNN063.png,0.9789748191833496,0.9588157534599304
JPCNN064.png,..\..\DL Methods\DeepLabV3+\Normalized Data\jsrt\cxr\JPCNN064.png,..\..\DL Methods\DeepLabV3+\Normalized Data\jsrt\masks\JPCNN064.png,0.9773956537246704,0.9557908773422241
JPCNN065.png,..\..\DL Methods\DeepLabV3+\Normalized Data\jsrt\cxr\JPCNN065.png,..\..\DL Methods\DeepLabV3+\Normalized Data\jsrt\masks\JPCNN065.png,0.9658873081207275,0.9340256452560425
JPCNN066.png,..\..\DL Methods\DeepLabV3+\Normalized Data\jsrt\cxr\JPCNN066.png,..\..\DL Methods\DeepLabV3+\Normalized Data\jsrt\masks\JPCNN066.png,0.9590010643005371,0.9212322235107422
JPCNN067.png,..\..\DL Methods\DeepLabV3+\Normalized Data\jsrt\cxr\JPCNN067.png,..\..\DL Methods\DeepLabV3+\Normalized Data\jsrt\masks\JPCNN067.png,0.9653293490409851,0.9329826831817627
JPCNN068.png,..\..\DL Methods\DeepLabV3+\Normalized Data\jsrt\cxr\JPCNN068.png,..\..\DL Methods\DeepLabV3+\Normalized Data\jsrt\masks\JPCNN068.png,0.967520534992218,0.9370851516723633
JPCNN069.png,..\..\DL Methods\DeepLabV3+\Normalized Data\jsrt\cxr\JPCNN069.png,..\..\DL Methods\DeepLabV3+\Normalized Data\jsrt\masks\JPCNN069.png,0.9796792268753052,0.9601680636405945
JPCNN070.png,..\..\DL Methods\DeepLabV3+\Normalized Data\jsrt\cxr\JPCNN070.png,..\..\DL Methods\DeepLabV3+\Normalized Data\jsrt\masks\JPCNN070.png,0.9671846032142639,0.9364548921585083
JPCNN071.png,..\..\DL Methods\DeepLabV3+\Normalized Data\jsrt\cxr\JPCNN071.png,..\..\DL Methods\DeepLabV3+\Normalized Data\jsrt\masks\JPCNN071.png,0.9578619003295898,0.9191321134567261
JPCNN072.png,..\..\DL Methods\DeepLabV3+\Normalized Data\jsrt\cxr\JPCNN072.png,..\..\DL Methods\DeepLabV3+\Normalized Data\jsrt\masks\JPCNN072.png,0.9720909595489502,0.9456979036331177
JPCNN073.png,..\..\DL Methods\DeepLabV3+\Normalized Data\jsrt\cxr\JPCNN073.png,..\..\DL Methods\DeepLabV3+\Normalized Data\jsrt\masks\JPCNN073.png,0.9625200033187866,0.9277485013008118
JPCNN074.png,..\..\DL Methods\DeepLabV3+\Normalized Data\jsrt\cxr\JPCNN074.png,..\..\DL Methods\DeepLabV3+\Normalized Data\jsrt\masks\JPCNN074.png,0.970903217792511,0.9434521794319153
JPCNN075.png,..\..\DL Methods\DeepLabV3+\Normalized Data\jsrt\cxr\JPCNN075.png,..\..\DL Methods\DeepLabV3+\Normalized Data\jsrt\masks\JPCNN075.png,0.9732356667518616,0.9478669762611389
JPCNN076.png,..\..\DL Methods\DeepLabV3+\Normalized Data\jsrt\cxr\JPCNN076.png,..\..\DL Methods\DeepLabV3+\Normalized Data\jsrt\masks\JPCNN076.png,0.975775957107544,0.9526979923248291
JPCNN077.png,..\..\DL Methods\DeepLabV3+\Normalized Data\jsrt\cxr\JPCNN077.png,..\..\DL Methods\DeepLabV3+\Normalized Data\jsrt\masks\JPCNN077.png,0.9712274074554443,0.9440646171569824
JPCNN078.png,..\..\DL Methods\DeepLabV3+\Normalized Data\jsrt\cxr\JPCNN078.png,..\..\DL Methods\DeepLabV3+\Normalized Data\jsrt\masks\JPCNN078.png,0.9728584289550781,0.9471516609191895
JPCNN079.png,..\..\DL Methods\DeepLabV3+\Normalized Data\jsrt\cxr\JPCNN079.png,..\..\DL Methods\DeepLabV3+\Normalized Data\jsrt\masks\JPCNN079.png,0.9755955934524536,0.9523541927337646
JPCNN080.png,..\..\DL Methods\DeepLabV3+\Normalized Data\jsrt\cxr\JPCNN080.png,..\..\DL Methods\DeepLabV3+\Normalized Data\jsrt\masks\JPCNN080.png,0.9495470523834229,0.9039413928985596
JPCNN081.png,..\..\DL Methods\DeepLabV3+\Normalized Data\jsrt\cxr\JPCNN081.png,..\..\DL Methods\DeepLabV3+\Normalized Data\jsrt\masks\JPCNN081.png,0.9722206592559814,0.9459432363510132
JPCNN082.png,..\..\DL Methods\DeepLabV3+\Normalized Data\jsrt\cxr\JPCNN082.png,..\..\DL Methods\DeepLabV3+\Normalized Data\jsrt\masks\JPCNN082.png,0.9694356918334961,0.9406846761703491
JPCNN083.png,..\..\DL Methods\DeepLabV3+\Normalized Data\jsrt\cxr\JPCNN083.png,..\..\DL Methods\DeepLabV3+\Normalized Data\jsrt\masks\JPCNN083.png,0.9658963084220886,0.9340425729751587
JPCNN084.png,..\..\DL Methods\DeepLabV3+\Normalized Data\jsrt\cxr\JPCNN084.png,..\..\DL Methods\DeepLabV3+\Normalized Data\jsrt\masks\JPCNN084.png,0.9681658148765564,0.9382963180541992
JPCNN085.png,..\..\DL Methods\DeepLabV3+\Normalized Data\jsrt\cxr\JPCNN085.png,..\..\DL Methods\DeepLabV3+\Normalized Data\jsrt\masks\JPCNN085.png,0.9649218916893005,0.9322218298912048
JPCNN086.png,..\..\DL Methods\DeepLabV3+\Normalized Data\jsrt\cxr\JPCNN086.png,..\..\DL Methods\DeepLabV3+\Normalized Data\jsrt\masks\JPCNN086.png,0.9775457978248596,0.9560781121253967
JPCNN087.png,..\..\DL Methods\DeepLabV3+\Normalized Data\jsrt\cxr\JPCNN087.png,..\..\DL Methods\DeepLabV3+\Normalized Data\jsrt\masks\JPCNN087.png,0.961777925491333,0.9263707399368286
JPCNN088.png,..\..\DL Methods\DeepLabV3+\Normalized Data\jsrt\cxr\JPCNN088.png,..\..\DL Methods\DeepLabV3+\Normalized Data\jsrt\masks\JPCNN088.png,0.9653643369674683,0.9330480694770813
JPCNN089.png,..\..\DL Methods\DeepLabV3+\Normalized Data\jsrt\cxr\JPCNN089.png,..\..\DL Methods\DeepLabV3+\Normalized Data\jsrt\masks\JPCNN089.png,0.9832168221473694,0.9669878482818604
JPCNN090.png,..\..\DL Methods\DeepLabV3+\Normalized Data\jsrt\cxr\JPCNN090.png,..\..\DL Methods\DeepLabV3+\Normalized Data\jsrt\masks\JPCNN090.png,0.9614285826683044,0.925722599029541
JPCNN091.png,..\..\DL Methods\DeepLabV3+\Normalized Data\jsrt\cxr\JPCNN091.png,..\..\DL Methods\DeepLabV3+\Normalized Data\jsrt\masks\JPCNN091.png,0.9678409099578857,0.9376861453056335
JPCNN092.png,..\..\DL Methods\DeepLabV3+\Normalized Data\jsrt\cxr\JPCNN092.png,..\..\DL Methods\DeepLabV3+\Normalized Data\jsrt\masks\JPCNN092.png,0.9725255370140076,0.9465208649635315
JPCNN093.png,..\..\DL Methods\DeepLabV3+\Normalized Data\jsrt\cxr\JPCNN093.png,..\..\DL Methods\DeepLabV3+\Normalized Data\jsrt\masks\JPCNN093.png,0.9698599576950073,0.9414839744567871
